serverId,name,categories
1,FastGens,gens
2,Lifesteal,smp|pvp|minigames
3,GensFood,gens
4,LunarBlock,skyblock|farming
5,ScuffleMC,oldPVP|pvp|gens
6,BoxMiningX,pvp|box|minigames
7,Boxers,pvp|smp|rpg|farming|factions
8,DupeTop,smp|pvp
9,mlum,prison|rolePlay
10,LoopGens,gens|pvp|minigames
11,FastBox,pvp|box
12,Rkits,pvp
13,SkyHaste,gens|prison|rpg
14,StealGens,gens|pvp|farming
15,JustBox,pvp|gens|box
16,Li4esteal,smp|minigames|pvp
17,BlzeSteal,smp|factions|pvp
18,10LivesSMP,smp|pvp|factions
19,BoxSteal,pvp|smp|box
20,Flicked,smp|pvp
21,Hotter,pvp|smp|factions
22,PlayInABox,pvp|box|gens|smp
23,BozoBoxer,pvp|smp|box
24,LLbox,box|pvp
25,boxcon,pvp|box
26,Lightskies,pvp|prison
27,GrindyBox,farming|box|skyblock
28,PaperBlok,pvp
29,TulpCraft,minigames|smp|pvp
30,LizziBox,pvp|gens|box
31,LemonRealms,smp
32,Weaken,pvp
33,BeeGens,gens|farming|prison
34,Golf,minigames
35,BoxJosh,pvp|box|farming
36,ShockNetwork,smp|pvp|factions
37,LeonePvP,oldPVP|pvp|minigames
38,PetRPG,rpg|modded|smp
39,VividGens,gens|farming
40,Warp,modded|pvp|smp
41,AcidGens,gens|farming|pvp
42,LocalBox,pvp|box
43,LifeSt3alX,smp|pvp|minigames
44,ExpressGen,gens
45,MagicBound,rpg|pvp
46,onlyoneblock,minigames|skyblock
47,MyjerFarms,farming|minigames
48,Minting,smp|pvp|modded
49,florial,smp|rpg|factions
50,BOXDOOM,pvp|farming|box
51,ShrimpBox,pvp|box
52,LiveStealX,smp|pvp|minigames
53,Cobblestone,farming|pvp|prison
54,bleuu,smp|factions|pvp
55,WildMiner,farming|prison|pvp
56,ViceGens,gens|pvp|skyblock
57,LabTrials,minigames|pvp|modded
58,Towerhub,pvp
59,FractelBox,pvp|gens|box
60,WoodnessBox,pvp|modded|box
61,UseBoxMine,pvp|box
62,SheeshBox,pvp|prison|box
63,DemonicBox,pvp|box
64,BasicCraft,smp|rpg|farming
65,macbox,pvp|box
66,Restland,smp|rpg|skyblock|rolePlay
67,Drip,oldPVP|pvp|box
68,hindrix,smp|pvp|rolePlay
69,murtsbox,pvp|box
70,RatBoxX,pvp|box
71,LifeBoxer,pvp|box
72,ZeroNetwork,smp|box|creative
73,Warzone,oldPVP|pvp|minigames
74,CookiesNMilk,smp
75,LavaS,gens|pvp|smp
76,CampusRP,rolePlay
77,WildKits,pvp
78,1Hour1Life,smp|factions|rolePlay
79,CherryPR,prison|farming
80,KristalBox,factions|pvp|farming
81,Site05,prison|pvp|rpg
82,CreativeCaos,creative
83,onbox,pvp|modded|rpg
84,100x100land,modded|pvp|farming
85,LIfeGainZSMP,smp|pvp
86,BanLife,prison|smp
87,EditionBox,box|pvp
88,randumbox,minigames|gens|pvp
89,L1feste4lz,smp|pvp|factions
90,DupeXCraft,smp|factions|pvp
91,BoxRIP,pvp|farming|gens|box|minigames
92,ErosionBox,box|prison|gens
93,HeroCL,rpg|pvp|farming
94,FunKits,pvp|minigames
95,SolarGN,gens|pvp|farming
96,RankMining,rpg
97,iGenZ,gens|farming|pvp
98,ShulkerRPG,rpg|pvp
99,LuckMinez,rpg|prison|pvp
100,prisonade,prison|farming|box
101,zoon,pvp|box
102,Arsis,pvp
103,samibox,gens|pvp|box
104,Boxlotl,pvp|minigames
105,AffinityBox,prison|minigames
106,ZombieCl,rpg|farming
107,TridexSMP,smp|pvp|farming
108,wyndbox,pvp|farming|box
109,EggClicker,gens|minigames|farming
110,zomy,smp
111,ruinedskies,pvp|box|prison
112,BoxFFA,pvp
113,NodeDupe,smp|pvp|factions
114,CoolGuns,pvp|modded|rolePlay
115,Cropied,smp|gens|prison
116,XENABOX,pvp|box|rpg
117,NaxBox,box|pvp
118,NoteGen,gens
119,BillyVoid,skyblock|oldPVP
120,gooknation,pvp
121,WyrmRPG,rpg|smp|rolePlay
122,VejpBox,pvp|box|farming
123,fewer,smp|minigames|pvp|farming
124,BattlePet,rpg|skyblock|modded
125,M4ST,smp
126,ogrestupe,smp
127,MythBox,pvp|rpg|farming
128,GunsBox,minigames|pvp|modded
129,Alexonica,box|pvp|smp
130,PurityBox,gens|pvp|prison
131,MaxFarms,farming|pvp|minigames
132,frawlBox,pvp|factions
133,mexicanspvp,smp|pvp
134,OwlMines,prison|modded|pvp
135,BeserkBox,box
136,Elict,smp|pvp|minigames
137,skyminingf,skyblock|pvp|smp|farming
138,HexanPR,prison
139,Lifesteasmp8,smp
140,CosmicBoxV,box
141,bladeb0x,box|farming|pvp
142,Cavedbox,pvp|farming|box
143,SMPServer118,smp
144,RyseBox,pvp|farming
145,smp576,pvp|smp
146,FlowerHatSMP,smp
147,NeverW1pe,gens|pvp
148,BoxIsEZ,pvp|farming
149,OnyxGens,gens|farming|pvp
150,LvlUpSkies,rpg|skyblock
151,FloraSteal,smp|pvp
152,RelaxBox,pvp|box|farming
153,VVBox,pvp|box
154,namsathy,rolePlay|rpg|factions
155,HimmelSky,minigames|gens|skyblock
156,PLEXBOX,box|gens|pvp
157,KeepInvbox,minigames|prison|pvp
158,AnewRPG,rpg
159,lowclicker,gens|farming|prison
160,LucidGenz,gens|farming
161,Sebibox,prison|box
162,NoobBoxZ,pvp|farming|box
163,BoxieDoxie,smp
164,Jishbox,pvp|box
165,DupeS3eal,smp|pvp|factions
166,SkyGlow,skyblock|farming|minigames
167,RexyMines,box
168,EuroDupe,oldPVP|pvp|factions
169,tanber,smp
170,Plzjoin555,smp|creative
171,Atomkit,pvp|box
172,DoggyBox,modded|farming|pvp
173,Flexed,oldPVP|pvp
174,hardcorevipp,smp|pvp
175,CrestSteal,smp|factions|pvp
176,ajustbox,gens|rpg
177,CobbleRPG,minigames|rpg|rolePlay
178,DoxxBox,box|pvp|farming
179,DupersLife,smp|pvp
180,rand0item,creative|modded|skyblock
181,RareSMP,smp|pvp
182,CatzBox,box|pvp
183,HighWindsSMP,smp|rolePlay
184,FarmCrops,farming
185,AnMintySMP,smp|modded
186,DemonBoxer,pvp
187,LaggySkyX,pvp|box
188,AtlasBox,rpg|box|pvp
189,Flawlessed,pvp|oldPVP|gens
190,chibby12,smp|pvp
191,Barricaded,prison|oldPVP|pvp
192,ReddzSMP,smp
193,WaxedIsPro,smp
194,DoomBoxHut,pvp|box
195,250x250BRDR,farming|prison|pvp
196,Unsecured,rolePlay|pvp|prison
197,survival814,rpg
198,BoxRift,pvp|gens|smp
199,OnlyBox111,pvp|gens
200,Apeirophobe,modded|rpg
201,boxhuntpvp,rpg|pvp|prison
202,Swaggbox,gens|pvp
203,Elected,pvp|gens
204,TNPDupe,smp|pvp
205,CookieSMP101,smp
206,CekDupe,pvp|farming|modded
207,UxBox,pvp|box|smp
208,Wiwibox,minigames|pvp|gens
209,DupeStealers,pvp
210,KitsCrazy,pvp|minigames
211,OmegaPvpz,oldPVP|farming|pvp
212,MalcolmIT,creative
213,SharntiesSMP,smp
214,Idealbox,prison|farming|oldPVP
215,NM2SMP,smp|pvp
216,WitherSG,smp|rpg
217,Wingbox,prison
218,SpringPR,prison
219,DawnS1eel,farming
220,Stealable,gens|pvp|factions
221,freegm1nice,creative
222,demokratia,smp|farming|rolePlay
223,ArchaicBox,box|pvp
224,icegreedo,smp
225,StormedRing,rpg
226,TropDC,minigames|pvp|oldPVP
227,KlashBox,pvp|box|farming
228,CatTheBox,pvp
229,theopenworld,rpg
230,SkyFaster,pvp|gens|prison
231,BoomBoxV1,pvp|farming
232,LaserPvP,prison|pvp|rolePlay
233,ChaosBoxx,pvp|box|prison
234,RoyalStealX,smp|factions|pvp
235,LegendsRPG,rpg|oldPVP|farming
236,NewJackSmp,smp
237,BusyIsDumb,smp
238,LemonNetwork,smp|pvp|creative
239,NitroNetwork,pvp|box
240,Smackdown,box|prison|pvp
241,vigilanceSCP,prison|rolePlay|pvp
242,Ariseking,pvp|minigames
243,FrostPrison,pvp|oldPVP
244,TheMindscape,smp|farming|rolePlay
245,tazpvp,rpg|pvp|minigames
246,SG30,gens|pvp|rpg
247,Node,oldPVP|gens|minigames
248,fishskymine,farming|pvp|box
249,ServerOpO,smp
250,ThatLSSmp,smp
251,yourbully24,smp|pvp
252,SnowyGens,gens
253,SquareX,pvp|box|gens
254,Lifereceive,smp|pvp
255,atlantisboxx,box|pvp
256,sunylex,pvp|factions|smp
257,HouseBoxx,gens|pvp|smp
258,scpfounded,smp|prison|rolePlay
259,BoxOne,box|pvp
260,GIGANTEBEAN,smp|creative|rpg
261,Lanked,box|smp|farming
262,SuitedGame,rpg|farming
263,Pokeymon,rpg|pvp
264,Paintbol,pvp|minigames
265,WoodlikeSMP,smp
266,GMCkits,creative
267,BubbleGens,gens|pvp|box
268,KiziBox,box
269,Livvery,pvp
270,1if3st3al,smp|pvp|modded
271,BoxMix12,pvp|prison
272,JazzSMPeng,smp
273,ClaimTerrain,creative|minigames|modded
274,Fancy,prison|skyblock|gens
275,Snorklesserv,smp
276,Ferigames,smp
277,ApexClub,box|pvp
278,Craftioreal,rolePlay|smp
279,TerraM1nes,box|rpg|pvp
280,BrainPig,smp|factions|pvp
281,WackBattles,pvp|rpg|oldPVP
282,SoulStealx,rpg|rolePlay
283,Maglic,pvp|modded
284,ThePandemic,minigames|box|rolePlay
285,SnowSurvival,factions|smp
286,LimeBoxMC,box|pvp
287,AppelBox,box
288,EmptyGen,gens|pvp
289,Eroici,smp
290,CraftingSim,smp|pvp
291,RentaPit,oldPVP|pvp
292,BoxPvP111111,pvp|box
293,Rmdx,smp|minigames|pvp
294,EllaVate,smp
295,The3S,smp
296,Z4Crim,pvp
297,LSFlexios,smp|pvp|farming
298,BoxxxCraft,box
299,MineBox1000,gens|box
300,Nate1234,smp|rolePlay
301,Alefirssmp,smp|factions
302,1000x1000pvp,pvp
303,PlayWithASky,skyblock|rolePlay|smp
304,coolfactions,smp|rolePlay|pvp
305,world906,skyblock
306,MinForever,farming|pvp|rpg
307,SOTCL,smp
308,7seconds,pvp
309,HoreniaBox,pvp|prison|gens
310,Hyperboxnet,box|pvp|gens
311,TechNeverDie,smp
312,Compressors,rpg
313,LightsBox,box|pvp
314,Indorse,oldPVP
315,icetea20,skyblock|farming|rpg
316,SteveboxGG,pvp|prison
317,imtuyung,smp
318,enderboxxx,farming|pvp|box
319,AmazeHut,creative|smp|pvp
320,BoxOid,box|pvp|farming
321,h0usSMP,smp
322,Facttime,smp|pvp|creative
323,BlueLantern,pvp
324,BrisbaneMC,modded|minigames
325,GravelMine,oldPVP|pvp
326,DankPR,prison
327,DracarySMP,creative
328,LittleSMP23,smp
329,HayBox,pvp|box
330,life4everst,smp|factions|prison
331,beat4op1002,creative
332,TimmyOConnor,smp|pvp
333,JaMinigame,minigames
334,SpreezyMC,smp|pvp|rpg
335,HBBox,rpg|farming|rolePlay|pvp
336,Dgsruby,smp
337,avex2,smp
338,jamboxes,gens|box|farming
339,svafed,smp
340,themaxsmpp,smp
341,MellowsDupe,pvp|smp|factions
342,Crypt1ds,creative
343,IpoBox,pvp
344,jermainecole,prison|gens|box
345,Madded,smp
346,GmzPvP,pvp|oldPVP
347,OasisNetwork,smp
348,SoulzSteal,smp|pvp
349,CandyLand69,smp
350,jacksonsar,smp|rolePlay
351,TheArstisSMP,smp|pvp
352,ArbysBacon,modded
353,Boxpvp4fun,box|pvp
354,Hallilobox,farming|minigames|pvp
355,FLAMEDOWNDUO,smp
356,3nemySMP,smp
357,lifedupe7,pvp|smp
358,PogOfBox,box|pvp
359,HubCruise,smp
360,NetherSMP00,smp
361,bigBentcokie,smp
362,Minerpolo,box|modded|gens
363,WARSPIRE,pvp|minigames
364,Tamed,box
365,FGSkyMine,pvp|rolePlay|prison
366,lolzah,skyblock
367,flyanddie,pvp|minigames
368,BoxGrinding,pvp|box|gens
369,KidBox,pvp|box
370,wertycreep,smp|pvp|minigames
371,RaidedOG,pvp|box|farming
372,PanduhhBox,box|pvp
373,hexabox,box|pvp|rpg
374,AnarchyDuped,modded|skyblock
375,ReaperSMP4,smp|modded
376,BlissfulVall,smp
377,Pikasitems,pvp|smp
378,MerkBox,pvp|gens
379,AservrRR,modded
380,PlasmicBox,pvp
381,AuraBW,oldPVP|pvp
382,Nawabsmp,smp
383,Smpofwars12,box
384,fuzz4life,smp
385,AdvancedBox,minigames|pvp|modded
386,Quarring,prison|minigames|rpg
387,CloudNineSmp,smp|pvp
388,HappyTownSMP,smp|rolePlay
389,Tfunland2,rolePlay|rpg|pvp
390,Jishpvp,smp|pvp
391,TheFTBsmp,smp
392,Tristania,creative|minigames
393,fungrindbox,farming|pvp|box
394,lbps,pvp|farming|smp
395,CreepsysSMP,smp
396,pvvvpbox,pvp|box
397,lawofaverage,smp|factions|minigames
398,xxlween,rpg|pvp
399,ediessmp,smp
400,FjordSMP,smp|rolePlay
401,lklover,smp
402,SMPCopper,smp
403,ThinkABit,smp
404,NukkaWorld,smp
405,WDBr,rpg
406,dejtaspelare,rolePlay
407,DupeOP,smp|pvp
408,MagmaPR,prison
409,BechBoxSuper,smp|pvp|box
410,ChaosSection,smp
411,QuasbinSMP,smp
412,1AnarchySmp,smp
413,Rove,rpg|pvp|minigames
414,smpeveryone,smp|farming
415,SunRise1SMP,smp|factions|pvp
416,PlanetaryGen,gens|farming|pvp
417,Plooshcraft,smp
418,miaPAINT,smp
419,mnkingdom,smp|pvp
420,FunkFamFarms,smp
421,Dreamey,smp
422,Nusu,oldPVP|pvp|minigames
423,CyrusNA,smp
424,AxoloMines,pvp|farming
425,WeebVille131,smp
426,Full,prison|pvp|oldPVP|minigames
427,n0r3,smp|pvp
428,qualityBox,pvp|oldPVP|box
429,IceSkyMine,prison|skyblock|pvp
430,3TimeSurvive,smp
431,dhyrbfytyslk,smp
432,Demajs,prison|farming|rpg
433,IDTechSMP,pvp|smp
434,LegacyHubb,box|pvp|minigames
435,ILYLYAC,smp
436,BoxTool,pvp|box
437,MythicQuest,skyblock|rpg|factions
438,EternaGame,smp|rpg|rolePlay
439,2b24,smp|oldPVP
440,13smps,smp|pvp
441,RedSkymining,farming|pvp|box
442,WanexBox,box|pvp
443,MarkHoag,smp|minigames|pvp
444,GarboSMP,smp|rolePlay
445,Saphra,smp|farming|rolePlay
446,Gmini,smp|rpg|gens
447,playcubetown,smp|pvp|rpg
448,ZODIACSSMP2,smp
449,minefeald,smp
450,FreeBeSMP,smp
451,zatania,smp|factions|rolePlay
452,BlazeBox21,box|pvp|oldPVP
453,GlosotoSmp,smp|pvp
454,IpsumLorem,rolePlay|pvp
455,okMumSMP,smp
456,smpfuney,smp
457,P0rta1Smp,smp
458,VortBox,box
459,TinyCowSMP,smp
460,HypixelBlock,skyblock|rpg|gens
461,MysticBoxx,modded|box
462,SMPNEW81,smp
463,Runsteal,smp
464,InduSMP,smp
465,Aetherite,gens|farming|pvp
466,Tapes,minigames|rolePlay|pvp
467,PBreakout,prison|oldPVP
468,KiloBox,gens|farming|box
469,PlanetsPR,prison
470,BizarreBox,box
471,SKYMEGAGEN,gens|minigames|oldPVP
472,GRASCHOOLSMP,smp
473,viperswarsmp,smp|pvp|creative
474,LaborSMP,smp
475,krusae,smp
476,Brikonz,creative
477,UnphunieSMP,smp
478,JMProServer,smp
479,TsKennysmp,smp
480,SmpOfPugs,smp
481,rubixcube123,box|pvp|farming
482,Deadroad,rpg
483,Rekroo,smp
484,BegBox,box|pvp|farming
485,StuffisSMP,smp
486,Waybound,rpg
487,sdro,rpg|pvp|creative
488,islandeers,skyblock
489,mineplezqx,smp
490,AstroBlock3,smp
491,hellaTONGAzz,box|pvp
492,lesosmp,smp
493,BaconNetwork,box|gens
494,skieMinez,minigames|farming|skyblock
495,Totemsmps1,smp
496,Floppyboxxy,farming|gens|box
497,Spaceinasmp,pvp|prison
498,Warowwars,smp|factions|pvp
499,BeemrsPvP,gens|pvp
500,OldFunLand,minigames
501,m0rePlay,smp|factions|pvp
502,DryGens,gens|prison|farming
503,KTechKitPvp,pvp|modded
504,Imaginary9,smp|creative|rpg
505,smpix,smp|rolePlay|farming
506,wejustplay,skyblock|pvp
507,TheGreyDuc,smp
508,SoraBlock,skyblock|farming
509,CelestialxMC,smp|pvp|minigames
510,CytriixMC,pvp|box|modded
511,ChlllingSMP,smp
512,1pancake,smp|rpg|rolePlay
513,DupeKid,factions|pvp|smp
514,WALAOU,minigames|pvp|box
515,SquidSteak,smp
516,hurtle,minigames
517,NationCMP,creative
518,SuperB0x,prison|minigames
519,easportseeee,smp
520,Manayaka,smp|pvp|modded
521,Anthony22,smp
522,crazzzycraft,pvp|box|farming
523,wolfsmp220,smp
524,PVPBOX100,pvp|box
525,PaynefulS3,smp
526,BoxOfCookies,gens|farming|pvp
527,amimirSMP,smp
528,phenyshome,smp
529,ScarceBlood,smp|pvp
530,SkyGrinders,smp
531,Hexcast,minigames|pvp|rpg
532,townlysmp,rolePlay|rpg
533,smpFoMyFrend,pvp|factions|modded
534,isolatepur,smp
535,WithoHeart,rpg|farming|rolePlay
536,123didnt,creative
537,NeptunePR,prison|pvp
538,TartCity,smp|creative
539,LLWikiSMP,smp|rolePlay
540,Bimberbox,farming|pvp
541,LostTrees,smp|modded
542,LeafysFFA,smp
543,HighRiseSMP,smp|oldPVP|pvp
544,FallenBoxx,pvp
545,G8rrySMP,smp
546,HighTwist,gens|box
547,bwbdigsSMP,smp
548,SoulFieldSMP,smp|modded
549,BossFights,rpg|oldPVP
550,LSBOX01,pvp|rpg|farming
551,Disbelieve,prison|minigames|rolePlay
552,LSNORM01,pvp|smp|factions
553,BoxingBobox,pvp|smp
554,boxripevent,gens|farming|box
555,trenttest,creative
556,CoralGenz,gens
557,fewerhub,smp|minigames|farming
558,CryptoSB,skyblock|oldPVP|pvp
559,MarvelGens1,gens|pvp|farming
560,RiftElytra,pvp|gens
561,OHOL,smp|factions|rolePlay
562,landeryt,smp
563,lifesteal401,pvp|smp|factions
564,ParkourGen,gens|rpg|pvp
565,MiningHS,pvp|oldPVP|skyblock
566,Quicksilver,prison
567,TurtleCrafte,pvp|smp|modded
568,ayoyoyo,smp
569,lifestealers,smp|minigames|pvp
570,SaiyanGens,gens|pvp|smp
571,PithonPvP,pvp|prison|skyblock
572,TurtleLobby,smp|pvp|farming
573,Box100Elytra,pvp|box
574,TulpBox,smp|pvp
575,FizeFight,pvp|smp
576,HubLifesteal,pvp|minigames|smp
577,Farmable,skyblock|farming
578,RetroMines,prison|farming|gens
579,AAAHHHHHHH,smp
580,pserv03,gens|pvp|smp
581,GensParkour,gens|box
582,LemonLifeS,smp|pvp|creative
583,AcifySMP,smp
584,smpollie,smp
585,plasmasmp0,smp
586,Boxminex,pvp|gens
587,Abundant,minigames
588,LegacySkyF,skyblock|pvp
589,snekz,smp
590,10LivesPRX,smp
591,solarempi4,smp
592,WeMakeSMP,smp
593,ShrimpBoxEly,pvp
594,LocalPrac,pvp
595,Itchability,smp
596,lifestealsmp,pvp|smp
597,ILIKEMEN1234,modded
598,ojjeandgreg,smp|pvp
599,TulpSmp,pvp
600,WarpHub,pvp|modded|smp
601,Changedupe,smp|pvp
602,MHDungeon,pvp|rolePlay|rpg
603,TulpSteal,smp|minigames|pvp
604,BoxMineQ,pvp
605,TitaniumW,smp
606,HAMserverBOX,box
607,wwdupe,pvp
608,St4rMin3r,pvp|box
609,Rebornruss,smp
610,stealingx,pvp|smp|oldPVP
611,PkServer9513,modded
612,Fiveish,pvp|box
613,VirtualGens,gens|pvp
614,brenden7k,modded
615,MageRPG,pvp|rpg
616,Wizard,prison|pvp|oldPVP
617,johnlonron,smp
618,EcoKB,oldPVP|pvp
619,Doggiebox,box|pvp|modded
620,Skugity,factions|pvp
621,TulpHub,smp|minigames
622,MarvelBoxes,gens
623,LSDUPE01,smp|farming|pvp
624,BoxRiftSMP,smp|pvp
625,RageNetwork,oldPVP|pvp
626,JAPASurvival,minigames
627,StarTest133,modded
628,harming,pvp|farming|box
629,BoxRIPbox,pvp|farming|box
630,TurtleCraft,smp|farming|pvp
631,wwwings,pvp|minigames
632,MistyBox,pvp|rpg|prison
633,UxBoxx,pvp|box|smp
634,ChulaSurv,smp|pvp|farming
635,boxriplobby,pvp|gens|minigames
636,EarthwormBox,minigames|pvp|box
637,ruthlessxsmp,smp|factions
638,Sponge,oldPVP|prison|pvp
639,TurtleEvents,pvp|smp|minigames
640,JustBoxBox,pvp
641,ZenSteal1,smp
642,CODEMANIAAA,smp
643,DankFactions,factions|rpg
644,beeisfunny,smp
645,ZVSH,pvp|minigames
646,EggClash,smp|oldPVP|rolePlay
647,VejpEly,pvp|farming
648,popbobstests,smp
649,SkyCaverns,skyblock|farming|pvp
650,ProjectMTF,minigames|rolePlay|modded
651,Heartable,smp|pvp
652,dungeonfy,rpg|farming|skyblock
653,StunWebSmp,smp|rpg
654,enchantssmp,smp|pvp|modded
655,smfseason2,smp|pvp|farming
656,FractalBox,gens
657,lifedestroy,smp|factions|pvp
658,hard12345691,smp
659,J3MSMP,smp|factions|rolePlay
660,boxripshield,gens|farming|pvp
661,Atir,smp|factions|rolePlay
662,pipimannSMP,smp
663,WaffleGens,gens|pvp
664,GenahMc,rolePlay
665,CherryCell,prison|farming
666,legacysmpf,pvp|skyblock
667,dreemc,smp|factions
668,LPLMTP,creative
669,FishingTopia,farming|minigames|rolePlay
670,q1042022,smp
671,nitrolandz,oldPVP|minigames
672,watersheep08,smp
673,BoxLifeY,gens|farming|rpg
674,Satisfaction,pvp
675,JudgeCraft,minigames|rolePlay|pvp
676,CodeGenss,gens|oldPVP
677,Tained,pvp|smp
678,MySurvival28,smp
679,MoonSmp23434,smp|pvp|rolePlay
680,dragonbox01,box
681,bluebearth,smp
682,random203,smp
683,VanLifesteal,smp
684,themooseMP,smp|pvp
685,CentralCraft,smp|pvp|factions
686,GenSpace,gens|prison|farming
687,W1ldB0X,smp
688,SMP,smp|pvp
689,150smplol,smp
690,xolis,smp
691,M1Lrp,rolePlay|factions
692,BoxXV,pvp
693,rascalpvp,pvp|gens|oldPVP
694,deeeepio,smp
695,Axeplot,pvp|gens|factions
696,KitX,oldPVP|pvp|minigames
697,halfasleepMC,smp|modded
698,ForeStealX,smp|pvp|factions
699,SimpCraftSS2,smp
700,MCND123,smp
701,WildWestBox,prison|pvp|box
702,Drtmining,box|farming|pvp
703,MonkeMoment,smp|farming|creative
704,ColtonR,pvp
705,alrboxx,pvp|modded|box
706,chappple,creative
707,100xSMP100,creative|smp|pvp
708,TiMineT,prison|pvp|gens
709,Hexboxz,gens|pvp|box
710,BoxBind,box|farming|pvp
711,BoxBlaze,pvp
712,Ambushes,box
713,BlackPVPbox,modded|farming
714,RandomdaySMP,smp
715,Villager20,smp
716,mcEditor,prison
717,boxvine,box
718,UntitledBox,box
719,DuckoBoxx,box|smp|gens
720,Micahman,smp
721,NotKits,pvp
722,BucksBox,box
723,BoxMineO,pvp|box
724,isaacvlogsss,smp
725,smpw100,smp|farming
726,Anarchybozo,factions|smp
727,uselessness,pvp|box
728,PowerNetwork,gens|pvp|farming
729,Void51,pvp|skyblock|smp
730,borderofsize,smp|pvp
731,ElectTown,farming|pvp|rolePlay
732,ARegularSMP2,smp|pvp
733,BakaBob,smp
734,ZoneB0X,pvp|box
735,Doomlandsmp,smp
736,Smpwastaken,smp|rolePlay|rpg
737,EmpireBend,smp|modded|rolePlay
738,Potsurvive,smp
739,Gens,gens
740,LiveStealXD,smp|pvp|minigames
741,MHItems,smp|pvp|modded
742,ForgeBox,pvp|gens|box
743,Wife,pvp|smp
744,ADDIN,smp|pvp|modded
745,PigsBox,oldPVP|pvp|prison
746,End3rB0x,box
747,quecbox,pvp|box
748,JungleBox,farming|prison|gens
749,LaggySky,skyblock|pvp
750,xxkitxx,pvp|modded|minigames
751,FightInBoxes,pvp
752,wariscul6,smp|factions|pvp
753,galaxyore,skyblock|farming|pvp
754,BoxMinesAU,pvp|box|farming
755,RubiesSMP,smp
756,DivineBlocks,box|gens
757,Supermax12,smp
758,ProSkyGen,farming|gens|pvp
759,AxolotlGen,gens|pvp|rpg|oldPVP
760,BigManowo,skyblock|pvp|smp
761,HJsMC,smp
762,MegalandKJ,creative
763,TerribleRpg,rpg
764,Liestelsp2,smp
765,randomltems,creative|smp|box
766,SMPArmada,smp|factions
767,LukkyBlocks,minigames|pvp|smp
768,HomeDash,smp
769,PircdSMP,smp|pvp
770,Waspserv,creative
771,ToTiSMP,smp|modded|pvp
772,mnsbox,pvp
773,bamboobox,smp|factions|prison
774,Vicky042211,creative|rolePlay
775,BucketsWorld,smp
776,Stay2True,smp
777,camsserver12,smp
778,JmboPVP,pvp
779,DemisesPVP,pvp|box
780,BiomeSMP26,smp
781,NewWorldsx,factions|smp|pvp
782,AcolusBox,gens|pvp
783,UltraLine,minigames
784,Tuprecon,modded|rpg|rolePlay
785,cakeySMP421,smp
786,MysticalGens,gens|pvp|minigames
787,lifesteal972,smp|pvp
788,snsbox,box|pvp|farming
789,EpikLegends,pvp|minigames|gens
790,nightsmptj,smp|pvp
791,MCGFIght,prison|pvp
792,Aspolex,box|pvp|farming
793,AxoSMPZ,smp|modded
794,BoxpvpM7,minigames|farming
795,Vamp1reSMP,smp
796,AEntropy,smp
797,MungGens,gens|prison|pvp
798,EcoSpace,minigames|pvp|box
799,ShrekABC2,smp|farming
800,Pruthvi121,smp|farming|modded
801,FootieSMP,smp
802,measured,rpg|prison|modded
803,BCraftRPG,smp
804,Mlive,rolePlay
805,PlanetDoom,pvp|smp
806,Survival4Mc,smp|farming|oldPVP
807,herobrinebox,creative|rpg
808,MegaGenPVP,pvp|gens|farming
809,everestbox,pvp
810,SagaRPG,rpg
811,Visfi,factions|pvp|smp
812,tertleBox,gens|farming|pvp
813,t1lldeathsmp,smp
814,Worldsgen,pvp
815,CasualtiBox,pvp|box|prison
816,BOXPVPEEE,box|pvp
817,hegger,rolePlay|rpg|smp
818,shutbox,rpg|pvp|box
819,PetBoxSim,farming|minigames|box
820,LaBoxSteal,minigames|farming
821,1p1g,smp|pvp
822,AboutBox,pvp|smp|minigames
823,daHamster,smp
824,kanjunetwork,smp|rolePlay|pvp
825,H4miXMC,smp
826,bestero,smp
827,PermaRPG,rpg|pvp|modded
828,MobSteal,pvp
829,1219SMP,smp
830,JosiahP,smp
831,dinnerman,rpg|farming|modded
832,SMPPonas,smp
833,SMPCarbon,smp|factions|pvp
834,OPMaterials,smp|pvp|rpg
835,JuniMC,oldPVP|pvp|minigames
836,AnarcySERVxD,smp
837,hiopl,smp
838,Bitbox,gens|pvp|farming
839,bestsmpmine,smp
840,Apqmine,smp
841,CustomXSky,pvp|smp
842,smp27k,smp
843,kaassouflet,smp
844,voidfills,smp|skyblock|rolePlay
845,FPiggy,creative
846,VFarming,farming
847,mpastensmp,smp
848,DracoCool,creative
849,AHNSkyGens,gens|oldPVP|rpg
850,JesterBox,prison|pvp|box
851,GeoSkyMine,pvp|box|gens
852,Observant,pvp|gens|prison
853,Totalboxx,box|pvp|smp
854,190288397478,smp|factions|farming
855,Box4Life,pvp|farming|prison
856,chaoticboxx,pvp|farming
857,vssonicexe,rolePlay|rpg|creative
858,GoldRushAQP,box
859,0D4rk,smp|factions|pvp
860,HeartTakenW,smp|factions
861,Lif3Steal,smp|modded
862,Myth1calBox,box|pvp
863,DwarfSMPS,smp
864,AHNGGuard,pvp|oldPVP|rpg
865,Tehboisone,smp
866,BeeeBoxx,pvp
867,JLogserver,smp
868,VolkKraftOG,factions|rolePlay|pvp
869,SmpB1ood,smp|oldPVP|pvp
870,BewoEpic,smp
871,ISBOX,minigames|oldPVP|pvp
872,JetBox,pvp|modded|rolePlay
873,toletpapr,smp
874,Goodservgo,smp|pvp
875,wartune,smp
876,SyphonYT,smp
877,godsfotimes,smp
878,orbieorigin,smp|modded
879,EmpiresSMP0,smp|factions|rolePlay
880,Warboxxv,pvp|box
881,MobVoid,pvp
882,BoxPvPSmmp,box
883,WindyBox,farming|box
884,rbwastaken,smp
885,JENSADPS,smp
886,titanbox,prison|pvp|farming
887,creativeWan,creative
888,RefinedSteal,farming|pvp|smp
889,TAAVBDGNT,smp|creative
890,MunkiBox,box
891,MonplaPe,minigames|pvp
892,Empire990,smp
893,marsfactions,factions
894,Pitpotnot4,smp
895,ArdurSMP,smp
896,Jezus4ever,smp
897,nemisesmp3,smp
898,JEEZBOX,box|pvp
899,ItzASMPz,smp
900,DOGflufXD,smp
901,JabaitedBox,farming|gens
902,Bl0ckmania,smp
903,SurvChev,smp|rpg|modded
904,1lluminate,smp
905,N1coNotSMP,smp
906,yes4two,smp
907,MysticzMinez,box|pvp|rpg
908,SkyPickaxe,prison|pvp|minigames
909,TheRaxolSMP,smp
910,C0mmcraft,smp|factions
911,KiwiBetaXP,smp
912,FWRKSMP,smp
913,miningadvt,rpg|farming|box
914,Pores,pvp
915,BoxHeatEly,pvp
916,Boxxxy,farming
917,SkyBoxG,pvp|farming|skyblock
918,SCMPOnline,smp|factions|rpg
919,THELEGENDARY,smp
920,Notewars,gens|oldPVP|pvp
921,Server,minigames|rpg
922,jxysurv,smp
923,IcedDog,smp
924,lifedupe,smp
925,Gamer346,smp
926,Boxheat,pvp
927,LifeDuper,smp|pvp|rpg
928,PaperBoxs,pvp|box
929,RyCrafting,minigames|pvp
930,Dorlik,smp
931,CityE,creative|modded
932,GenPowers,skyblock|gens
933,ParadiseCity,smp
934,SpireBox,pvp|minigames
935,bedbombing,pvp
936,RezBox,box|farming|pvp
937,ParkourGens,rolePlay|farming
938,FiberXserver,smp
939,candycookie,smp
940,Flurv,farming|pvp|smp
941,oatsmp123,smp
942,FeathaMining,skyblock|prison|pvp
943,StudBox,gens|farming|box
944,genericboxse,pvp
945,POBattle,pvp|rpg
946,BoxicGen,pvp|gens
947,Dupe100x,pvp|smp|factions
948,BartonSteal,pvp
949,ezboxx,pvp|modded
950,DS30,pvp
951,03Gens,gens|pvp|minigames
952,LuckyChests,minigames
953,ConfettiSMP,smp|modded|pvp
954,acibox,prison|gens|box
955,sajasma,smp|pixelmon|modded
956,manhunthas,smp
957,applecmp,creative
958,Lifest33lx,smp|pvp
959,ValleyMines,pvp|farming
960,AxolifeSteal,smp
961,cedarSMP2,smp
962,Slupe,factions|pvp|farming
963,bakasmpwoah,smp
964,Taxing,pvp|smp|creative
965,Spellbend,minigames|pvp
966,BoxPvPV,pvp|box
967,RareCave,pvp
968,Bannerss,pvp|minigames|oldPVP
969,White10SMP,smp
970,PewPew3,minigames|pvp|box
971,BatemansSMP,smp|modded
972,10remake,pvp|gens
973,Mohpp2,smp
974,ccrimsanbox,modded
975,MINORANTS,pvp|minigames
976,Ewbox,smp
977,CometHubz,pvp
978,onlydupe,pvp|modded|smp
979,BigCatCult,smp
980,L1feStee1,smp|pvp
981,Smallsur,smp|factions|gens
982,FragBox,pvp|farming|minigames
983,toodyserver1,smp
984,AxyDupe,pvp|oldPVP
985,DupeNetwork,smp|factions|pvp
986,Look,smp|pvp|skyblock
987,Diqn,minigames|oldPVP|pvp
988,pvpinium,pvp
989,AinranRpg,rpg|rolePlay
990,ironedupe,modded|skyblock|pvp
991,serverpro12,pvp
992,nightsday,smp
993,epicchads19,smp|pvp
994,LemonMines,prison|skyblock|factions
995,Pulsed,pvp|factions|smp
996,zdxd,pvp
997,69b7t,pvp|modded
998,AstroSMP25,smp
999,mongkees,smp
1000,Bamboostar,smp
1001,Dangerzone,oldPVP|pvp|rolePlay
1002,Dupe7,skyblock|smp|pvp
1003,Moul,smp|pvp|modded
1004,SMPLooped,smp|pvp|modded
1005,MegamindUWU,smp
1006,ryanGG,minigames
1007,rockx,oldPVP|smp|pvp
1008,FrozenBox,pvp
1009,0999Smp,smp|modded
1010,sdwdad,smp|pvp
1011,wannabesmp2,smp
1012,DaBeeSMP,smp
1013,Slicked,smp|pvp|factions
1014,Hutvaded,oldPVP|pvp
1015,JoeServerss,pvp|smp|factions
1016,Desmon280,smp|pvp
1017,WandBox,gens
1018,KingzBox,smp
1019,smpDylkon,smp
1020,houzSMP,smp|pvp|box
1021,woodness,smp|pvp|modded
1022,Prison,prison|pvp|box
1023,7set,smp|modded|pvp
1024,Grindy2b2t,farming|pvp|box
1025,DD2DOIISMP,smp
1026,SMPBEEX,smp|farming|pvp
1027,SMP2021bro,prison|smp
1028,NNBox,pvp|box|smp
1029,Lemensmp,smp
1030,MetalFarm,farming
1031,BIGBADPVP,oldPVP|pvp
1032,SupBoxx,box|pvp
1033,ClyxPlot,pvp
1034,RotPotTest,rolePlay|factions
1035,TechnoBlox,gens|pvp|box
1036,Spr1ngPVP,minigames|oldPVP|pvp
1037,fhisbox,smp
1038,EventfulSmp,smp|minigames|pvp
1039,R0ckRank,smp
1040,survivalBBQQ,smp
1041,ilovcbox,gens|pvp
1042,CoolServer22,smp
1043,Anarhiaslos2,smp
1044,Boxffc,gens|rpg|oldPVP
1045,Miningserve,gens|prison|pvp
1046,RoboCraft84,smp
1047,Mineyway,pvp|farming
1048,BoxPvPKIng,box
1049,TigerSMPHav,smp
1050,HeroKits,minigames|pvp|modded
1051,SCPfondation,rolePlay|prison
1052,durare,gens|pvp|box
1053,NameTheBox,box|pvp|modded
1054,XpNet,gens|minigames|smp
1055,BoxImmortal,box|pvp|farming
1056,mechbox,box
1057,carnagecraft,smp|rolePlay|pvp
1058,ZVirusSmp,smp
1059,theprimesky,prison|pvp|box
1060,DevRPG,rpg|minigames|smp
1061,LifeStealVl,smp
1062,level10heart,pvp|smp
1063,ClassicKit,smp|oldPVP
1064,CelestalPR,prison|farming
1065,VolarrSMP,smp
1066,CapybaraSMP4,smp
1067,kaijubox,box
1068,AlexTesting,prison|farming|gens
1069,Hydrants,smp|modded
1070,FensterSMP,smp|rolePlay
1071,Rebsurvive,pvp|prison
1072,MCBoxmine,prison|pvp
1073,MenaceBox,farming|pvp|gens
1074,Ethan14SMP,smp
1075,FelaxeRPG,smp
1076,albansuck,smp
1077,BestBoxer,box
1078,rosaismommy,smp|modded|rolePlay
1079,Donkbox,pvp|gens|smp
1080,MajicBox,gens|pvp|box
1081,CRITSPVPS,pvp
1082,DEMOKITS,pvp
1083,justacoolsmp,smp
1084,TacoSMPI,smp
1085,K1SmP1,smp
1086,StealDuping,pvp|farming|box
1087,LYFEST34L,pvp|smp|modded
1088,zboxpvp,pvp
1089,BoxVX,gens|pvp|factions
1090,g01d,smp
1091,CreaCraftSMP,smp
1092,CraftingHut,smp
1093,ConflictPVP,minigames|pvp|smp
1094,BoxMiningP,box|farming|prison
1095,NekoSV,minigames|farming|pvp
1096,Sulphite,pvp|box
1097,SkyVoidBox,pvp|box|prison
1098,Tkfix,smp
1099,artificial01,smp
1100,HARDERCRAFT,pvp
1101,VoidSteal,smp
1102,KingbobUWU,smp
1103,ContainMC,factions|smp|pvp
1104,BydgoszczJ,smp
1105,ShadowsDupe,smp|pvp
1106,JustBlue35,smp|rpg|rolePlay
1107,Everprac,pvp|box|gens
1108,MoonCheesSmp,smp|modded|rolePlay
1109,trainingpvp,pvp|oldPVP|smp
1110,HSNCreate,creative|rpg|factions
1111,IAmazedsmp,smp
1112,KeefeSoph,rolePlay
1113,aaronstupid,smp|factions
1114,memers0203,smp|pvp
1115,CreateForge,modded
1116,baybaybox,box|pvp
1117,Rooted,minigames|pvp
1118,TLKofJT,smp|factions|farming
1119,Souxlebox,box
1120,Nevershower,farming
1121,InfinitySMP1,smp|modded
1122,Preyed,rpg|rolePlay|pvp
1123,StillLostBox,box
1124,BoxShine,pvp|smp|minigames
1125,Uniquesteals,modded
1126,Obsidianlife,smp|pvp
1127,Daeth,creative|modded|minigames
1128,TheEchosSMP,smp
1129,Dupesmp101,smp|pvp|factions
1130,shadowjl,smp
1131,vincKlasse,smp
1132,D1s4st3rSMP,smp
1133,NoobCreative,creative
1134,generxSMPx,smp|pvp
1135,Gunsindabk,smp|creative|rolePlay
1136,wh00psie,smp|pvp|modded
1137,Catsplay,smp|factions
1138,dupespree,smp|pvp
1139,BsBox,pvp
1140,XyzBoxMine,pvp|box
1141,BaseRaiders,factions
1142,PVPstealPVP,gens|pvp|box
1143,farmize,farming|pvp
1144,Gloat,minigames|oldPVP|pvp
1145,dieLbozo,smp|pvp|modded
1146,EndShield,box|pvp
1147,LeavesGens,gens
1148,TopGCheese,smp|rolePlay|rpg
1149,serverlif,smp|rolePlay|factions
1150,MagicCasper,smp
1151,SheepSkies,skyblock|oldPVP
1152,EventMiners,skyblock|prison|pvp
1153,Clucks,prison|pvp|box
1154,CASBAT,smp|farming
1155,LegitBox9,factions|gens|farming
1156,BoxMinersV,factions
1157,fwsmppp,smp
1158,35b35t,smp
1159,UraniumCraft,smp|rolePlay
1160,BoxSmelt,pvp|box|farming
1161,KOHSMP1,smp|factions|pvp
1162,SMPLifex,smp
1163,Murderer9SMP,smp|pvp
1164,Boxffy,box
1165,UnknownPlace,smp
1166,mdsmpog,smp
1167,MxkaSmp,smp
1168,cleanbox,pvp
1169,PvpGgboxMine,box|pvp
1170,hardparkour,smp
1171,Zeratopia,farming|rolePlay|smp
1172,UndeadTale,rpg
1173,PVPbyDesmon,pvp|minigames
1174,RCWANTGM1,creative
1175,CratePrison,prison
1176,QuickTopia,rolePlay
1177,LeBoxMine,pvp
1178,UusKouluSmp,smp
1179,FAFrealm,minigames|creative
1180,bingbone,smp
1181,crazygames99,minigames
1182,Bobbvcn,smp
1183,RiceBoxx,pvp|box|smp
1184,BigLigSMP,smp
1185,SmeltShield,pvp|box
1186,legalboxz,farming|pvp|box
1187,sandarena,gens|pvp
1188,meowpop,smp|pvp
1189,OhThreeSMP,smp|factions|farming
1190,Squashs1,smp
1191,Smmelthub,pvp|farming
1192,MinusVannia,pvp
1193,joinkiwi,pvp|smp
1194,wytewa,smp
1195,MacWorldSmp,smp
1196,LSNightVer,smp
1197,mixerboxer,box
1198,langweilsbox,box
1199,NatureRPG,rpg
1200,BoxCode,smp|pvp|farming
1201,SmeltAura,pvp|farming
1202,wajraserver,minigames|rpg|pvp
1203,BoxBang,pvp
1204,PokeheaSMP,smp
1205,OGSMP999,rolePlay|smp
1206,wuzzserver,smp
1207,UniqueCraft,pvp
1208,BeemerPvP,pvp|gens|box
1209,TheDupeNuke,smp|pvp|factions
1210,MungliBox,box|pvp|farming
1211,dBoxPVPb,prison|pvp|box
1212,MehBox,box
1213,2econdSMP,smp|farming|rolePlay
1214,SulphitePit,pvp|minigames|factions
1215,KribuoBOX,smp|pvp
1216,Haram1Smp,smp
1217,ToxyBox,pvp|modded|rpg
1218,BigBoxyBox,prison
1219,LemonGens,gens
1220,MuchMining,gens
1221,MCWILDEARTH,smp
1222,MiningAndPVP,gens|farming|pvp
1223,Star4Smp4,smp
1224,ilikeurfish,smp
1225,ColonialSMP,smp
1226,snzsplay,smp|oldPVP|pvp
1227,animeusmp,smp|rolePlay|pvp
1228,Chillyfunsmp,smp
1229,A10408,oldPVP
1230,swoovz,smp|factions|farming
1231,FarmerServ,smp
1232,NoobyImpact,rpg|rolePlay
1233,avrgang,smp
1234,FightBoxPVP,pvp|farming|gens
1235,SeaVikings,smp
1236,Intermix,minigames|box|farming
1237,BoxChar,pvp
1238,Blockbenderz,pvp|modded
1239,blueboxffa,box|pvp|minigames
1240,dominikseu,smp
1241,boxpvppolski,box|pvp
1242,EEEEMyGod,smp|pvp
1243,DupeLS,smp|pvp|creative
1244,AMSb,creative
1245,Delation,pvp
1246,VidovecGang,smp
1247,survivalvoid,smp
1248,YTest1,smp
1249,OgLifesteal,smp|modded
1250,GemRP,smp
1251,xdupe,smp|modded
1252,aFatCatSMP,smp
1253,2z2t,smp|pvp|farming
1254,Minions2XD,rpg
1255,Anarchives,smp
1256,EndlessWars,pvp
1257,LukaitizSMP,smp
1258,SMPVerxy,smp
1259,Agouria,smp
1260,Manitbox,creative|oldPVP|smp
1261,ALifeStolen,smp
1262,PublicSMPCB,smp
1263,Westernly,rpg|pvp|rolePlay
1264,WARDWAR3,smp
1265,BoxMineY,pvp|box
1266,dupermc,smp|pvp|factions
1267,BlackSurival,farming|pvp
1268,LiveSt3alX,smp
1269,Hoitusegay,smp
1270,SneakyBox,minigames|pvp
1271,GlaringSky,smp
1272,sukadeeznuts,smp
1273,XNest,pvp|gens
1274,Curntsmp,smp|pvp
1275,1ChunkNEW,skyblock|farming
1276,LSSS2,smp
1277,Box12,pvp|rpg|farming
1278,SapoBaka,rolePlay|smp|modded
1279,DBM0,pvp
1280,bliniyummy,smp
1281,Play2steal,smp|pvp|modded
1282,jestercut,smp|modded|pvp
1283,elembend,smp
1284,HellSquare,pvp|minigames
1285,SnowfallJail,prison|rolePlay|pvp
1286,DayKits,pvp
1287,StormyBoxx,pvp|box|farming
1288,boxheavenz,pvp|box|farming
1289,boxheavenz1,box|pvp|smp
1290,alfabox,prison|modded|pvp
1291,MhTreasure,rpg|farming|rolePlay
1292,GuildCraftSM,smp|factions|rolePlay
1293,moonsense,oldPVP|pvp
1294,crimsonssmp,smp
1295,BluPVP,oldPVP|pvp|gens
1296,Disabler,oldPVP|pvp
1297,boygood,pvp
1298,susamogus121,smp
1299,kellyanarchy,smp|pvp|modded
1300,Zythaura,pvp
1301,zythbox,pvp|box|modded
1302,MedLife,rolePlay
1303,nicholosmp,smp
1304,SMPCOOL999,smp
1305,nwcubeland,minigames|pvp
1306,duhdripzysmp,smp|factions|pvp
1307,whosJordan,smp
1308,MAXLIFESTEAL,smp|pvp|modded
1309,z7h2SMP,smp
1310,PilexSMP,smp
1311,69poggers69,smp
1312,Willhart02,rolePlay|pvp|minigames
1313,SurviverLife,smp
1314,boxxbattle,pvp|minigames|box
1315,T0T3MPvP,smp|factions|pvp
1316,ShootOutMC,pvp|minigames
1317,noobchu,smp
1318,UhSurvive,smp|pvp
1319,GodOfMe,smp
1320,UhLife,oldPVP|pvp
1321,geormon,smp
1322,VoidBoxMine,box
1323,BoxPolski,pvp
1324,jesuhub,smp
1325,kicawars,modded
1326,Tuleles3Beni,smp
1327,MedvLife,factions|rolePlay|pvp
1328,HaloumiHeros,smp
1329,St3alBox,box
1330,tjeena1234,smp|rolePlay
1331,iloveme83,smp
1332,Blastnation,smp|rolePlay|factions
1333,LifezStealz,smp
1334,BoxOFEnder,gens|pvp|prison
1335,DemiseBox,pvp|box
1336,WiigameSMP,smp
1337,Sneakyboxx,pvp|box
1338,KribBox,box|pvp
1339,HelluskSMP,smp
1340,LosPuntuales,modded
1341,JDLOAX,pvp|minigames
1342,HardSurival,farming|pvp
1343,BearlySMP,smp
1344,buxpvpn2,farming|oldPVP|pvp
1345,creaturebox,smp
1346,JeffChills,smp
1347,matimix,smp
1348,Revolbox,pvp
1349,HABESMP2,smp
1350,gaming023,smp|farming|rpg
1351,xabox,pvp|box|farming
1352,AwesomeRP,rolePlay|creative
1353,CommandsSMP,smp
1354,SheeshBeta,box|pvp|minigames
1355,MythicMining,prison
1356,MinionBOB1,smp
1357,ANARCHYTRIAL,smp
1358,smpofdonor,smp|farming
1359,L3festeal,smp|farming|pvp
1360,LemonBoxik,box
1361,BoxNut2,prison
1362,migsgood,smp
1363,yeemei,smp
1364,PVPBOXSICK,pvp
1365,SteamedTofu,smp
1366,SniperrSMPP,smp
1367,BlobularSMP,smp
1368,PainSMP342,smp|rolePlay
1369,Chamu,pvp
1370,Bagells,oldPVP|pvp|minigames
1371,dvdplayersmp,smp|rpg|rolePlay
1372,NNebula,pvp
1373,ClickyCookie,farming|gens
1374,HeartSteals,smp|pvp
1375,FallenKing5,pvp|rpg
1376,TheNicestSmp,smp|pvp|box
1377,YeYonder,smp
1378,ideeae,smp|farming
1379,NormalParty,smp|factions|prison
1380,Omex,gens
1381,boxheavenz3,pvp|box|farming
1382,CJJSMPZZ,smp
1383,WolfiesServa,smp
1384,GaliGuns,pvp|oldPVP|rpg
1385,SwizLand,smp
1386,FRBox,pvp|minigames
1387,BOXPVP69420,pvp
1388,withermines,pvp
1389,BoxMilktea,pvp|box
1390,MinecraftPvP,pvp
1391,MAINsSMPL,smp|pvp
1392,Livezsteal,smp|pvp|factions
1393,NukerZZSMP,smp
1394,boxllive,prison|pvp|box
1395,Lexbox,gens|pvp
1396,mrmon,smp
1397,PublicSMPISG,smp
1398,Coins,minigames|pvp
1399,StormGens,gens|pvp|farming
1400,Swordinstone,smp|farming|rolePlay
1401,BoxOff,pvp
1402,InvadedMCHUB,smp|minigames
1403,fyrebox,farming|pvp|box
1404,kootkoalas,smp
1405,aktivsmp2,smp
1406,T1Voxel,pvp|prison
1407,FriendSmp976,pvp|smp
1408,bobkungen,smp
1409,BuilldTimdYT,creative
1410,gmao,smp
1411,oDupes,smp|pvp
1412,przygodaMB,smp
1413,Craftingsmp,smp|factions|pvp
1414,BatschetBox,box
1415,Stuf69,smp
1416,creative666,creative|smp|modded
1417,bonkerjonker,smp
1418,StabBox,box|pvp
1419,SussyBoxes,box|pvp
1420,DeckedIn,rpg
1421,playragesmp,smp|pvp|modded
1422,PITMCPL,smp
1423,TableNetwork,modded|farming
1424,Grindboxxx,box|pvp|rpg
1425,gorgoncraf,smp
1426,HattersPvP,farming
1427,FightNMine,pvp
1428,Bramisstom,smp
1429,RevivePMS,smp|pvp
1430,legendboxop,smp|box
1431,legendboxyop,smp|box
1432,WildAwaken,smp
1433,LifeyIce,pvp|modded
1434,2b2tnetnet,smp|pvp|factions
1435,Crispycraft,smp|minigames|pvp
1436,Crimonyte,farming|rpg|pvp
1437,XinocaSMP,smp|pvp
1438,GuineaPog2,smp|gens|skyblock
1439,rpow,smp
1440,ScamtrioSMP,smp
1441,snowcr0w1,rolePlay|smp
1442,BoxOfGod,modded|pvp
1443,Dansutsmp1,smp
1444,VCStealSMP,smp
1445,Griefercraft,farming|pvp|rpg
1446,DayMines,prison|farming|pvp
1447,Luminita,smp
1448,IDLSMP,smp|pvp
1449,kaleidohub,minigames
1450,BeyondStar,rolePlay
1451,Epicsteal,smp|pvp
1452,AcidSteal,pvp|smp
1453,HiveMinez,pvp|gens|prison
1454,DimondServer,creative
1455,BarneMAT,smp
1456,ConstructOne,creative
1457,eslobby,smp
1458,NoniSteal,pvp|modded
1459,DonutjeSMP,factions|smp
1460,notadopted,smp|factions|modded
1461,CATBLOBMEOW,smp
1462,eslife,smp
1463,LightBite,pvp
1464,hahawhen,smp
1465,Lingonkatt,smp
1466,Eltramango,smp|pvp
1467,blocks88,gens|box|pvp
1468,ASE1SMP,smp|modded
1469,ChopBlock,smp|factions|pvp
1470,Beancrafti,smp
1471,CAMSVBOX,smp|farming|pvp
1472,TechopSMP,smp
1473,LifeGrabX,smp|pvp|factions
1474,oneseaisland,smp
1475,Peanut12345,smp
1476,Feeoh,prison|farming|pvp
1477,SMPbelovad,smp
1478,Trendus,box|pvp|minigames
1479,AvengersBox,pvp|box
1480,EpicMakers,smp
1481,GoKit,pvp
1482,EarthRealism,smp|rolePlay|factions
1483,smallsquare,smp|box
1484,BINBOXS,gens|smp|oldPVP
1485,DroppsSB,skyblock|oldPVP|farming
1486,Kl4s0wyy,smp
1487,G0FTY,smp
1488,TwitchOsaku,farming
1489,WarSMPS01,factions
1490,GresySMP2,smp
1491,Mianhua,smp
1492,fryskeSMP,smp
1493,AnarchySTest,smp|modded|pvp
1494,strafeynamer,smp
1495,relaxingames,smp|pvp|skyblock
1496,bwack1smp,smp|pvp
1497,jlusmp,smp
1498,BoxRuinz,box|pvp
1499,costa2,pvp|minigames|creative
1500,Hullicraft,gens
1501,Rodinia,smp
1502,justsomegaze,smp
1503,RatBoxE,pvp|modded
1504,Fr13ndzy,smp
1505,MsBalesSMP,smp
1506,Jimmysboxx,box|minigames|farming
1507,NorthsideSMP,smp
1508,ShadoedSMP,smp
1509,BoxForPros,pvp|modded|factions
1510,BoxBeeX,pvp|box
1511,SxSakuraSMP,smp
1512,FunBoxPvPFun,gens|pvp
1513,sebsboi,smp|rolePlay
1514,K00LK1D5K1U8,gens|pvp|farming
1515,lfstlpog,smp
1516,cyrahdgurl,smp
1517,Minehut,prison
1518,dailyborder,smp
1519,imdigoolSMP,smp|pvp|box
1520,Hazelnick,smp
1521,ActivateLife,rolePlay|factions|smp
1522,xcleasmp,smp
1523,houtsplinter,smp
1524,Archipela,rpg|farming|oldPVP
1525,SmpOakhill,smp
1526,ALLENz,pvp|rolePlay|oldPVP
1527,SkyLodge,skyblock|farming|rpg
1528,WooBox,pvp
1529,Slawter,smp
1530,THE1STSMPR,rolePlay
1531,plummit24,smp|factions
1532,QCGames,minigames
1533,1flybox,prison|farming
1534,Galilon,smp
1535,Quarry,prison|gens|skyblock
1536,infinsolo,smp|modded
1537,servonli,box
1538,CrystalMania,pvp
1539,GreatStar,smp
1540,fightsmp8,smp
1541,LifeSteazSMP,smp
1542,MavenMC,pvp|oldPVP|farming|prison
1543,BombCart,pvp
1544,idkboredlol,smp
1545,MavenKits,farming|oldPVP|pvp
1546,theravanger,smp
1547,DrBoxx,prison|pvp|oldPVP
1548,LechBox,pvp|box
1549,CobSteals,pvp|smp
1550,KumberSMP,smp
1551,Voidxz,oldPVP|pvp
1552,helloeveryo,smp
1553,HPZCraft,smp
1554,R1eb,smp
1555,enkryptetest,oldPVP|pvp
1556,poopoo3245,smp|rolePlay
1557,ChairfullBOX,gens
1558,TripBox,pvp|skyblock|gens
1559,HardSurvival,smp|modded
1560,Gunsblazing,smp|factions|pvp
1561,CaptainH2O,smp
1562,MuaGG,smp
1563,Inriquesh,smp
1564,BoxRaveEly,pvp
1565,redm4n2mp,smp
1566,xfteforce,smp
1567,DoyLifeSteal,smp
1568,odss,smp
1569,RabidPh,minigames|pvp|factions
1570,DemonsRPG,rpg
1571,godmode1234,smp
1572,realistic4VR,smp|rolePlay|pvp
1573,oToxiq,smp
1574,creativecans,creative
1575,Banish,gens|skyblock|farming
1576,Moonspire,smp|box
1577,Spongeplays,rolePlay|modded
1578,kyog,minigames|pvp
1579,Snakes345,smp
1580,Hitone,smp|creative|rolePlay
1581,CapStars,smp
1582,SkyRageOB,gens|skyblock|oldPVP
1583,GamBoyssmp,smp
1584,TravisBox,prison|box
1585,BetaB0x,box|pvp|farming
1586,KrowTest,smp
1587,JazzInBox,pvp|rpg|modded
1588,UBox,pvp
1589,Traineeclub,pvp|minigames
1590,minigamesorg,minigames
1591,McSurv53,smp
1592,MinehutSMPS,smp|pvp
1593,AlfonsB,modded
1594,MyBuddys,pvp|smp
1595,wwings,pvp
1596,Reaverbox,pvp
1597,Rangolove,smp|rolePlay
1598,TheCivSMP,smp|rolePlay
1599,P4thSMP,smp|pvp
1600,RAWVSMP,smp
1601,EhemSMP,smp
1602,DrowningRPG,rpg
1603,Lezore,smp|gens|pvp
1604,dorang,smp
1605,Astraics,smp
1606,BladeMineMc,pvp|oldPVP|skyblock
1607,superlifeXX,smp|modded|pvp
1608,CliffsideSMP,minigames|smp|pvp
1609,frzbox,box|pvp
1610,Testen112,rpg
1611,originssezon,smp
1612,Boxbeez,pvp|farming|box
1613,Lifestealjoi,pvp|smp
1614,ConvBOX,pvp|box
1615,IslandBlock,skyblock
1616,GreaterGuns,smp|factions|pvp
1617,Morsa69,smp
1618,riskybiscuit,smp
1619,FORTYUKON,rolePlay|pvp|minigames
1620,BOXDEVIL7,pvp|farming
1621,Lifesteel,smp
1622,KalmBox,pvp|box
1623,HighSurvival,factions|pvp|rolePlay
1624,jhjsurvival,smp
1625,wildupe,pvp
1626,BoxDoomDEV,oldPVP|pvp
1627,HutSMPX,smp|pvp|farming
1628,SlaunterSMP8,smp|pvp|factions
1629,BoxPvPKing,box
1630,AUDACITYSSMP,smp|factions
1631,BarbershopS2,smp
1632,L1feSteelz,pvp|smp
1633,BOXXYSERVER,box|pvp
1634,CerusBox,smp
1635,Inclusion,pvp|farming|factions
1636,CityRules,rolePlay
1637,KindleSmp12,smp|pvp
1638,aboxpvp,minigames|pvp
1639,L1feste4l69,smp|pvp|farming
1640,nomodsmp1,smp
1641,Breathcraft,creative|smp|pvp
1642,Ankabox,pvp
1643,BoxPvPKIngn,box
1644,MiracleBox,gens|box|modded
1645,gyrobox,pvp|box
1646,Minsanda,smp
1647,TryhardSweat,smp|farming
1648,theflamedsmp,pvp|smp|factions
1649,ElytraBoxPVP,box|pvp
1650,PeaceSMP136,smp
1651,jurjursmp,smp
1652,MythicSteal,smp|pvp|rpg
1653,CavesBoxs,box
1654,AirSkyMines,gens
1655,egame101,smp
1656,EscapeDebt,prison|pvp|rolePlay
1657,EpicBoxy,pvp|smp|gens
1658,DungeonDog,rpg|minigames|modded
1659,lnd0smp,smp|farming
1660,BitRPG,rpg|pvp|rolePlay
1661,PublikitySMP,smp|pvp
1662,ZStealSMP,smp|pvp
1663,Zyrobox,pvp|factions|box
1664,cobblebox,smp
1665,LIfeTakerX,smp
1666,SMPSurvival2,smp
1667,LaserWar,smp
1668,WhompBox,farming|rpg|box
1669,OFFICALISF,factions|smp
1670,CreativLive,creative
1671,DuctBox,pvp|box|creative
1672,Lifesy,factions|smp|pvp
1673,Endbx,farming
1674,opgSurvival,smp
1675,Boxels,box
1676,Enchantwoods,box|smp
1677,customboks,box|pvp
1678,vanilcreativ,creative
1679,kingsssmmp,smp
1680,EdvinFluga,smp
1681,BDminez,pvp|prison|skyblock
1682,pablogun,creative|farming
1683,bringless,smp
1684,bowox,pvp
1685,ShopTest237,creative
1686,smpDylok,smp
1687,SMPandNormal,smp
1688,PokeApex,modded
1689,Boxpwp,gens
1690,NewGlaciaSMP,smp
1691,Boxhox,box|pvp
1692,SkyTestBlock,skyblock|farming|rpg
1693,CliffianSMP,smp
1694,lagerbox,box
1695,VHUBPL5,pvp
1696,speed922,smp
1697,itsgreen123,smp
1698,ZJEBIOZAAA,smp|rpg
1699,knockhaven,oldPVP|pvp
1700,MHFarm,farming
1701,TheValhalla,smp
1702,MineBoxyMC,pvp|box|minigames
1703,Colorant,minigames
1704,niceearthy,smp|rolePlay
1705,SupeerBoxx,box|pvp
1706,candoland,rpg
1707,BeeSMPVV,smp
1708,TrapdoorSmp,smp|farming
1709,RubberDucy,smp
1710,XNormalz,smp|pvp
1711,Liften,rpg|pvp
1712,SMPB4N4N,smp|factions
1713,CoolKidsRule,smp|pvp
1714,piglinbox,box
1715,RiftBox,pvp
1716,SkypixelPro,smp|skyblock|minigames
1717,FrostyMines,box|pvp|modded
1718,raced,minigames|pvp
1719,gaybox,box
1720,ROCKOmoly,smp
1721,CosmicBoxz,gens
1722,lifes4al,smp|pvp
1723,MISTYB0X,gens|pvp
1724,AxoPVP,minigames|pvp
1725,Dinotive,creative
1726,1nsaneBox,box
1727,Vernaltitan,smp|pvp|oldPVP
1728,TomoeSMP,smp
1729,OkBo0o0mer,smp
1730,MinerzForUz,prison|box
1731,free4fun,box|pvp
1732,Morris123456,creative
1733,LostKnight,rolePlay|rpg|pvp
1734,H0m13SMP,smp|farming|rolePlay
1735,TeensBOX,pvp|gens|prison
1736,survivalkitt,smp|modded
1737,RuhCraft,smp|rolePlay|pvp
1738,FractelMC,smp|pvp
1739,BehindLives,rolePlay
1740,VoidSSP,smp|skyblock|gens
1741,DragoblowSMP,smp
1742,DavidssssSMP,pvp
1743,Tr0llolol,smp
1744,BoredAsH2L,smp|rolePlay
1745,LifesXRob,smp|factions|pvp
1746,rpislandrp,rpg
1747,FAYG,smp|pvp
1748,SUpaEasyBoxx,smp|box|pvp
1749,SURMCZ,pvp
1750,Ratistan86,smp|factions|pvp
1751,FruitDevsMC,smp
1752,TryBoxx,box|pvp
1753,BgBox1,pvp
1754,SquarPVP,modded|pvp
1755,Vboxspvp,smp|pvp|box
1756,LifeReload,smp
1757,TheHubox,box|farming|gens
1758,shresr,smp
1759,ROBOTDUPE,smp|modded
1760,Saturbox,pvp|gens
1761,30x30border,smp
1762,DGkrumpir,smp
1763,lootgens,prison|skyblock|minigames
1764,xGodBox,smp|box|pvp
1765,GoldSmp012,farming|smp
1766,DRAKKE,smp
1767,PugBox,gens|pvp
1768,Notefax,farming|rolePlay|smp
1769,xCheezSMPx,factions
1770,asqx,pvp
1771,PvPAnarchy10,pvp
1772,RailingSMP,smp
1773,OrionVille,modded
1774,AsimisterSMP,smp|rolePlay
1775,Rama10000,smp
1776,CottageCore6,smp
1777,UpdateHour12,smp
1778,156874,smp
1779,NoSpecialSMP,smp
1780,A7box,pvp
1781,neutralCraft,smp|factions|farming
1782,DonutSMP14,smp|pvp
1783,CzaryIkomary,smp
1784,SspaceBoxx,pvp
1785,MinigamePVPe,pvp|minigames
1786,augmentbox,box
1787,TuurLars,smp
1788,MungTowers,minigames
1789,joinkits,pvp|factions
1790,OscarSMP0,smp
1791,SK8DKSMP,smp
1792,MineBoxXL,farming|pvp|box
1793,hxclnewSMP,smp
1794,OverseerSMP,smp
1795,PixelLifeSMP,creative|rolePlay
1796,konore,skyblock
1797,a2mavik108,smp|farming
1798,EldogSmp,smp
1799,BoxNemesis,gens
1800,ltfesteal,smp|pvp
1801,lwgy,minigames|pvp
1802,meandalexh,smp|oldPVP|pvp
1803,AskiSMP,smp
1804,flamebasesmp,smp
1805,PatchPanda,smp
1806,RazPrison,pvp|prison
1807,TheLIFEs6942,smp
1808,SoftSky,pvp
1809,rescal,pvp
1810,WeidenSmp,smp|pvp
1811,SaltyBett,smp|rolePlay
1812,SunFireSMP,smp|minigames|pvp
1813,SigmaaSMP,smp|pvp
1814,LifeDupe33,smp|pvp|box
1815,LifeSlay,smp
1816,DaddyBoxs,gens|skyblock
1817,Fablosy,factions
1818,BloodyLife,smp|pvp
1819,ZuzgaKanal,smp
1820,pikuchusmp,smp
1821,SmpChochy2,smp
1822,CavernsPR,minigames|prison|farming
1823,Lifesteals66,smp|minigames
1824,RS2319,smp
1825,ExienDevBox,pvp
1826,AcideBox,pvp|smp|factions
1827,PLNBOX,pvp
1828,SastacCraft,box|pvp|minigames
1829,WinemSMP,smp
1830,1tryhardcore,smp
1831,Zssmp2,smp
1832,ivoryhouse,smp
1833,Strawwsmp,smp
1834,bruhomomen,creative
1835,Animememe10,smp
1836,AryxLife,smp|pvp
1837,blobemus,smp
1838,Bobertsocool,smp
1839,T1zchi,smp
1840,WOJANKOXS,box|smp
1841,CBASMPS,smp
1842,ANGBox,gens|pvp|farming
1843,LeafarSteal,smp
1844,Sixpvp,farming
1845,CityBuildSer,smp
1846,SpeedCPEA,minigames|pvp
1847,Honksxxsmp,smp
1848,Urcraft11,pvp|factions
1849,FishnetInc,rolePlay|smp
1850,radmanfp,oldPVP|pvp|modded
1851,Aethroz,rolePlay|rpg
1852,HornetMines,box
1853,thegangfor,rolePlay|smp
1854,InstinctXX,smp
1855,blockbuild1,gens
1856,swizzleboi09,smp|factions
1857,PVParenago,pvp
1858,ser2ver75,creative
1859,Hero227,smp
1860,DaanenJori,prison|rolePlay|smp
1861,gatbox,pvp|box
1862,DamageLink,smp
1863,Lifesteal853,smp|pvp
1864,LagoonBETA,oldPVP|pvp|farming
1865,Bon96SMP,smp
1866,oRiskssmp,smp
1867,Forsakennet,smp
1868,McWify,minigames|modded|pvp
1869,Lifezbox,box|pvp
1870,huntrunterm,smp
1871,Bennycatty,smp|factions
1872,4325SMP,smp
1873,VanillaAndy,smp
1874,BoxBattlesX,box|pvp
1875,GameCHNRSMC,smp
1876,RirBox,pvp
1877,marinebox,smp
1878,ArcherzSMP,smp|factions
1879,jeden18ss,smp
1880,FamilyCraft,rolePlay|rpg
1881,7eMC,smp
1882,leafmanandco,smp
1883,CraftAttack5,smp
1884,donhector,rolePlay|smp
1885,isyserver,smp
1886,ToxicGens,gens|farming|pvp
1887,Tamplebox,pvp|modded
1888,AmplifiedPVP,pvp|smp
1889,SoulsXZ,smp
1890,StormLifee,smp
1891,boxminev,prison|pvp
1892,JustPrac,smp|pvp|box
1893,Cyclonal,gens
1894,Pasauliite,smp
1895,CwooKi2,smp
1896,wasner,smp
1897,tapebox,farming|pvp|box
1898,PureLibrary,smp
1899,Cgfriends2,smp
1900,Toastgangx,creative|smp
1901,JMSBoxSteal,box|pvp
1902,ThebreadSMPP,smp
1903,MetaDataSmp,smp
1904,F5AAPHEEEK,smp
1905,bounySMP,smp
1906,TotBoxV2,pvp|prison|farming
1907,Azulbesmp,smp|pvp
1908,ElytraBoxer,pvp|farming|smp
1909,Technuu,farming|rpg
1910,underprison,prison
1911,JGFunda,smp
1912,No5291LS,smp
1913,MausBox,farming|gens|pvp
1914,MarsleyBar,smp
1915,freeop563,creative
1916,stealboxx,pvp|box
1917,KUPLONGA,smp
1918,TimeMiner,pvp|modded
1919,ChknMines,gens|box
1920,BaitBox,box
1921,TheTntBox,minigames|box
1922,IceBox6,pvp
1923,ItsDev,pvp
1924,Xylosma,smp|rolePlay|rpg
1925,chockdex,prison|oldPVP|rolePlay
1926,MineChive,prison|box
1927,vecca,pvp
1928,DupeParadise,smp
1929,prespasmp,rpg|rolePlay
1930,DuelMining,prison|pvp|box
1931,The0neSmp4u,smp
1932,LoatBox,box|pvp|farming
1933,lodgebox,pvp
1934,smpyoinklife,smp
1935,yroro,smp
1936,GriendSMP,smp|pvp|farming
1937,IceRealms,pvp
1938,ObbyGrinders,minigames|farming
1939,TrueSteal,smp|pvp
1940,digforlife,farming
1941,LifeStilSMP,smp
1942,VeryBox,box|smp|pvp
1943,Soccerjrh,smp
1944,cryptonoob,smp
1945,18pkow,smp
1946,TrueBoXX,pvp|farming
1947,craftmpsmp,smp
1948,LovelyOnline,smp|modded|farming
1949,5218,minigames|skyblock|creative
1950,BounceHouse,smp
1951,DoomDungeons,rpg|farming
1952,oldpvpbox,oldPVP|farming|pvp
1953,Lifestealxxl,smp
1954,LeoDSMP,smp
1955,no1isme,smp
1956,Brompvp,minigames
1957,Precend,pvp
1958,Hotoun,rpg|pvp|farming
1959,LifeLossLol,smp
1960,boxdaddy,box
1961,TheKFCBox,pvp|box
1962,ThunderMines,pvp|box
1963,thebackrooms,pvp
1964,SCPMinecraft,rpg|pvp|rolePlay
1965,OldCombatSMP,smp
1966,Spluebux,smp
1967,5b4n,pvp|smp|minigames
1968,Lightsabers,pvp|rpg
1969,LukkyBlock,modded|pvp|creative
1970,Engulf,farming|gens|pvp
1971,Rockyssbox,pvp|box
1972,Cubicbox,rpg|prison|pvp
1973,KiedyXlajtHC,smp
1974,DeathWalker,smp
1975,100Box,pvp|gens|prison
1976,clashroyale,pvp|farming|gens
1977,myathsmp,smp
1978,luckyblocks,pvp|minigames|modded
1979,NicksArcad,smp|modded
1980,Broach,smp
1981,AtzBox,pvp
1982,smp935,smp
1983,OCSMPSER,smp
1984,funeventsmp,smp
1985,WildMP,smp|factions|rpg
1986,AutoNitro,oldPVP|pvp|rpg
1987,GamingbyNoah,farming|rolePlay
1988,TeeManSMP,smp
1989,SKYCoast,skyblock|prison|rpg
1990,NederlandSMP,smp
1991,FoodsBox,smp|pvp
1992,steelforreal,pvp|modded|smp
1993,wisly,pvp
1994,LifeStealZ,smp|pvp|factions
1995,DevsHub,creative
1996,Idelia,factions
1997,RogueBox12,smp|pvp
1998,BoxCpu,box
1999,AstrosBox,smp|pvp
2000,blckmines,minigames|smp|rolePlay
2001,Lifesteal12i,smp
2002,survivalxdl,smp
2003,amplaoumpla,box
2004,SlxyAwaken,smp
2005,Jamesfrosts,creative|rolePlay|minigames
2006,Turretz,pvp|modded
2007,ZarzailSMP,smp
2008,Hamalasmp,smp
2009,T1tgqSMP,smp|pvp
2010,EnchantedNW,gens
2011,Catilius,smp|pvp|modded
2012,WvySteal,smp
2013,boxpvpp,pvp|gens
2014,visorbox,gens|factions|pvp
2015,Tisniendms,smp
2016,Restdead,smp|factions|pvp
2017,CustomEncBox,factions|modded|pvp
2018,Sowebackin12,smp
2019,BOXFARM2022,farming|box
2020,Baddie54,smp|pvp|factions
2021,Shrimpville,smp|rolePlay
2022,Voltmanhunt,smp|pvp
2023,GenFire,gens
2024,popclick,smp
2025,NatikoSurv,smp
2026,anyjoes,smp
2027,BoxDry,farming|pvp
2028,golddigger43,creative
2029,fs11,box|pvp
2030,bbboxxx,box
2031,Max202012,smp
2032,LifesTe4ll,pvp|oldPVP
2033,cfor,smp|rolePlay
2034,LucDServer,smp
2035,yestrashye,smp
2036,PlantsCanyon,smp
2037,boxeltrade,prison|farming|pvp
2038,Neversummer,factions|smp
2039,boxpvp34,pvp|gens|rpg
2040,chceszpl,pixelmon
2041,SoulNetwork,pvp|smp
2042,EnhancedBox,pvp|modded
2043,Voidstep,smp
2044,coolbryce11,smp
2045,BoltKnight,smp
2046,LavaBoxy14,box|pvp
2047,Allyscraft,smp
2048,8084406676,smp
2049,Baess373,smp
2050,perish,pvp|prison
2051,SCPUniverse,pvp|rpg|prison
2052,empierssmp,smp|factions|pvp
2053,Turtle5100,smp
2054,mcmakoncom12,minigames
2055,pufferduck,box
2056,o2steal,pvp|smp|factions
2057,fishyguys,smp|pvp|rolePlay
2058,IcyyCpvp,pvp
2059,Flowerserver,smp
2060,boyssmp6969,smp
2061,3secondsSmp,smp|pvp|farming
2062,OnlineAmigos,oldPVP|pvp
2063,EPKBSMP,smp
2064,WitherSharp,smp
2065,cretifbanana,creative
2066,BoxCreeper,box|prison
2067,xb4g,creative
2068,RaceRPG,rpg|farming|skyblock
2069,Tuurxx,smp
2070,DPSBhopalSMP,smp
2071,Manhwareader,smp
2072,foxysgame,smp|pvp|farming
2073,GGlifesteal1,smp
2074,anarchySmpXX,smp
2075,MangoSquadbd,smp|minigames|skyblock
2076,MacBoxx2,gens|box
2077,BoxGome,pvp|box|farming
2078,alivela,smp|rolePlay
2079,boxofsun,pvp|modded
2080,RenarosSMP,smp|pvp|modded
2081,JustSkyblock,skyblock
2082,SBNullSMP,smp
2083,lssmpfriends,smp
2084,Duels101,pvp|minigames
2085,bSkyWars,oldPVP|pvp|minigames
2086,LostShineSmp,smp|rolePlay
2087,JusticedSMP,smp|rolePlay|pvp
2088,Penguinnclan,smp
2089,TrolMining,prison
2090,2hard2dupe,pvp|smp
2091,kittyboxcat,box
2092,MCCFacility,creative|rolePlay
2093,PeaceakaWar,smp|prison|minigames
2094,SolarGen,gens|pvp|farming
2095,DaSoviets2,smp|rpg|minigames
2096,simonearth,smp|factions
2097,VividPvp564,pvp|smp
2098,icelifesmp,smp|pvp|modded
2099,OnlyBoxZ,farming|pvp
2100,AkitaBox,box
2101,Shulkersteal,smp|factions|pvp
2102,7UPsmpjava,smp|rolePlay
2103,MiniChickSMP,smp
2104,JortEnSeth,smp|farming|rpg
2105,BoxUS,pvp|farming|box
2106,VladeSMP,smp|factions|rpg
2107,3000Survival,smp
2108,catcillow1,smp
2109,SimpForRem,smp
2110,PeoplePlace,smp
2111,Xterra,smp
2112,Canon5mp,smp|pvp
2113,BridgerLand,minigames|creative|pvp
2114,RivalNetwork,pvp
2115,ZombiakMC,smp
2116,radoactvebox,box
2117,SplashPit,oldPVP|pvp
2118,StanGamerSMP,smp
2119,visorgen,gens|factions|pvp
2120,6ASimps,smp
2121,NetheriteDog,smp
2122,SufiSMP,smp
2123,awsomekang,smp
2124,Coomersquad,smp
2125,TheGreatSMP,smp
2126,Xdoy,smp|factions
2127,YoBoxes,pvp
2128,evolimit,pvp|rolePlay|rpg
2129,EversetPlay,smp
2130,SlippyRB,smp
2131,De3seje,smp
2132,bionycsmod,pvp|smp|factions
2133,HypnoMine,smp|factions|minigames
2134,FreekieB,smp
2135,HarMoNiYa,smp
2136,sometingi,oldPVP
2137,HeavyHunt,smp
2138,AlphaKitPvP,pvp|oldPVP
2139,LifeSte0lSMP,box
2140,Genie34,pvp
2141,BoxxSurv,pvp|minigames
2142,5GuysSmp,smp
2143,Fina1SMP3,smp
2144,Littee,creative
2145,crosover,smp|pvp|oldPVP
2146,HackedMines,box
2147,poopiedoopi,smp
2148,SpecialBox,smp|farming
2149,MerahSMPS2,smp
2150,storymodebox,box
2151,LeCookiSMP,smp
2152,Getlifesteal,smp|pvp
2153,IsPog,smp
2154,omgsuperfun,smp
2155,SMP8869,smp
2156,PractisePvP,gens|pvp|farming
2157,vau1tsmp,smp|modded
2158,JeremyDino,smp|minigames|modded
2159,BladeSMP2354,smp
2160,L1fest3alSMP,smp|pvp
2161,LifeStealFXT,smp|pvp|farming
2162,afunrpgimade,smp|rolePlay
2163,MakkaPa,smp|farming|pvp
2164,fillets,pvp|rpg
2165,ncitycraftin,smp
2166,bewp,smp
2167,SpBubbleSMP,smp|factions|minigames
2168,ParkourCore,pvp|oldPVP
2169,PotsBox,pvp
2170,545454545a,smp
2171,raidstealsmp,smp|factions|pvp
2172,pvpdanish,pvp
2173,CreeperCode1,smp|rpg|modded
2174,LogzSMP,smp
2175,life299,smp
2176,L1feSteal,smp
2177,LifestealPLZ,smp|modded|pvp
2178,AlterRat,smp
2179,Diferenter,smp
2180,DynastyRPG,rpg|rolePlay|smp
2181,TurtlesBox,pvp|smp|minigames
2182,Skywarbox2,pvp|box
2183,Lifesteals36,smp|pvp
2184,WH0smp,smp|pvp
2185,tisthing,pvp
2186,hehehehehheh,rpg
2187,deathshuffle,modded
2188,brhh1232,smp
2189,Dragonitze,smp|creative|pvp
2190,GunBox,pvp
2191,FeatherSmpX,oldPVP|pvp
2192,itzjeffworld,smp|pvp
2193,PvpCentury,oldPVP|pvp
2194,WorldgSmp,smp|pvp
2195,survivaltwop,smp
2196,AndesiteBox,pvp
2197,PillarBox,pvp
2198,emiann,smp
2199,Stormsbox,skyblock
2200,FearBox,pvp|gens
2201,kiruscottage,smp
2202,SkyBoxGen,gens
2203,ACsMobs,modded
2204,YourIsekai,rolePlay|rpg
2205,FilipNotSV,smp
2206,ApsBox,box|pvp|smp
2207,mt3bISgay,pvp|minigames
2208,dlfbn,pvp
2209,christhecool,smp
2210,CheesePvp6,pvp
2211,THDN,smp
2212,SkyMinerGen,gens
2213,MedievaTown,modded|rolePlay|rpg
2214,ponystal,smp
2215,MINEz1,pvp|minigames
2216,hongbox,pvp
2217,InsaneBoxPvP,pvp|box
2218,AnarAnarchy,smp|pvp
2219,anarchy9823,creative
2220,SSeaCraft,smp
2221,rosOutcast,smp
2222,Kopesh,smp
2223,CentralSMP,smp|factions
2224,Blamedsmp,smp
2225,RageCrafter,farming|skyblock|minigames
2226,PlayInBox,prison|farming
2227,LondSteal,modded|smp
2228,LifeStealVI,box
2229,CrushRbox,box
2230,BaconBunk,pvp
2231,ZapSMPwastkn,smp
2232,PixelTrail,smp
2233,loldogSMP,smp
2234,AquaMiner,pvp|oldPVP|prison
2235,Theplatypus,smp
2236,ezurmomsmp,smp
2237,ztrutz,creative
2238,RMA2,creative
2239,ZerodropSMP,smp|pvp
2240,atestaaaaa,minigames|pvp
2241,RyukNeKair,modded
2242,AwakenSMP998,smp
2243,CookiexCove,smp|pvp
2244,therosees,smp
2245,135box,smp|box|pvp
2246,BambooBoxx,smp
2247,GiveMeLiver,prison|farming|minigames
2248,MoodySpot,smp
2249,BananRiseSMP,smp
2250,RaM3nSMP2,smp|rolePlay
2251,gaynickers,smp
2252,Pungfan,smp
2253,AwakenSMPN,smp
2254,EPICGODLYSMP,pvp|box
2255,StealzDupe,pvp|gens|minigames
2256,BoxGen5643,smp|factions|gens
2257,TheProPrison,prison|rolePlay
2258,CompSurvival,smp|oldPVP|modded
2259,ToyBoxx,pvp|box
2260,BradDiary,smp|pvp|farming
2261,Gamer09TV,smp|rolePlay|pvp
2262,YeaBox,pvp
2263,MythicBox1,pvp|gens
2264,dead11smp,smp
2265,revengeSMPxD,smp
2266,P3EpSMP,smp|rolePlay
2267,PeoplesThe,smp
2268,EnchantiSmp,smp
2269,CrazyCoolBox,pvp|modded
2270,FlameBurst,smp|rpg|pvp
2271,ElectricGN,gens|farming|smp
2272,longkingkong,smp
2273,daniumbus,box|pvp|minigames
2274,EnchantedSMP,smp
2275,lamay,smp
2276,SkyGun,pvp|prison|skyblock
2277,TestowoMC,modded
2278,FreeFunBox,rpg
2279,tdssmp69,smp
2280,GORBO,prison
2281,clockworksss,smp|rolePlay|pvp
2282,tanet,pvp|gens|minigames
2283,LifeZ1EEl,pvp|smp
2284,Andrei1269,smp
2285,bricksrule,rolePlay
2286,2G0G,factions|pvp|rolePlay
2287,InPvPIta,pvp|farming|rpg
2288,SnowyBoxX,box|pvp|modded
2289,Ez4MeServer,smp
2290,TheCandyBox,gens|pvp|box
2291,IcyRiiderr,smp
2292,DarkMagicMC,gens
2293,uashd,smp
2294,Poilter,creative
2295,justsgg,smp
2296,plossaland,smp
2297,qwal,pvp|box|minigames
2298,AyoBox,pvp|smp
2299,EithanBox,modded|pvp|gens
2300,Pikaswelt,minigames
2301,Tulp,farming|pvp
2302,Francexsm,smp
2303,Foxdun,rpg
2304,BoxCapybara,pvp|gens
2305,dnfgofy,smp
2306,demoo,pvp|modded
2307,DollyPSMP,smp
2308,mothorigins,smp
2309,VandourSMP,smp|pvp
2310,Aussersmp,smp
2311,ToperGames,minigames
2312,PuniniDub,smp|pvp
2313,TravelersSMP,smp
2314,QBoxPlus,pvp|box|minigames
2315,Vercales,smp|pvp|farming
2316,Imminence,smp|pvp
2317,RoleplaySMP2,rolePlay|prison|factions
2318,FruitSky,pvp|oldPVP|farming
2319,anarchy19334,creative
2320,ENDFABSMP,smp
2321,HeadDupe,smp
2322,SSurvivalQQ,smp
2323,Makasmp99,smp
2324,bigcacapula,smp
2325,lew27SMP,smp
2326,GameDexs,minigames
2327,Light,smp
2328,monkeshlong2,rolePlay|prison|factions
2329,Oursmpggq,smp
2330,1boxserver,pvp|smp|minigames
2331,AlkaliBOX,pvp|farming
2332,6b6e,smp|pvp|rolePlay
2333,RoundPotat,smp
2334,beeprovince,smp
2335,mochizora,oldPVP|pvp|box
2336,Empiresbab,smp
2337,SaplingBox,smp|skyblock|farming
2338,MildIsWild,smp|pvp|rolePlay
2339,pkr1,minigames
2340,Anarchy1M,factions|pvp
2341,playrsmp,smp
2342,batbloodnet,smp
2343,MrOettam,smp
2344,MellowMines,pvp
2345,QwertySmp113,smp
2346,Bribe,farming|smp|pvp
2347,EndFall,smp|modded
2348,GABEERSMP,skyblock|minigames
2349,PVPHunting,pvp|box
2350,Survi12832,smp
2351,4Bees,smp
2352,PaalGarnaal,smp
2353,RatioSMPx,smp|modded
2354,joniworld,skyblock|prison|minigames
2355,amongusinfn,smp|pvp
2356,LPMcT,smp
2357,Aworks,pvp|minigames|smp
2358,cheeeeseSMP,smp
2359,AdventurePvp,pvp|box|farming
2360,Yiyinoice,factions
2361,TheOutskirts,rpg|rolePlay
2362,Egsy,rpg
2363,g00dB0X,pvp
2364,CryptidSMPs1,smp
2365,BeanBoysSMP,smp
2366,BoisOnCrack,smp
2367,FunnaGun,pvp
2368,anarchy2034,creative
2369,aridonia,smp|factions|farming
2370,DuskDarf1,smp|rpg|factions
2371,muttytefut,smp
2372,con9aSMP,smp
2373,WARDENSLAIR,modded
2374,Worldisyour,smp
2375,FAdamSMP,smp
2376,myroom1231,minigames
2377,SkyLoge,modded
2378,PrisonRolep,prison|rolePlay
2379,boxpvptech,box|pvp
2380,fieldplay4,modded
2381,boxteal,pvp|farming
2382,boxpvp1z,pvp
2383,KoPeR9,smp
2384,oettam11,pvp
2385,SimonEcht,smp|skyblock
2386,noinvkeep,oldPVP|pvp|minigames
2387,GlockOut,smp|gens
2388,FinalRaid,rpg
2389,Destrayed,farming|pvp|rpg
2390,Onlineserve,smp
2391,sleepymcsmp,smp|rolePlay
2392,Eurogulf,rolePlay|factions|smp
2393,Adventura0,rpg
2394,GoodVibesMC,smp
2395,BizzareBoxS1,pvp
2396,THEFRANYBOYS,pvp|skyblock|prison
2397,HostileGN,gens
2398,PythonPVP,smp
2399,mmbox,pvp
2400,ITFE123,rolePlay|smp|minigames
2401,SylviesCMP,creative
2402,andriasmp,smp
2403,boxyyyy,pvp|modded|smp
2404,1Eend,smp
2405,treeteam45,smp
2406,pixelpik,smp
2407,NeverMined,pvp|gens|skyblock
2408,Tacolicious,minigames
2409,Skyies,farming|skyblock|prison
2410,PuniNoni333,smp
2411,PandaKYS,smp
2412,ZaxeSmpNew,smp
2413,jgsmp23,factions
2414,MinesAbyss,farming|prison|pvp
2415,BoxHive,box|pvp
2416,FunBoxTrra,box
2417,ContentSmp1,smp|pvp
2418,CartaCraft,smp
2419,RAINGEN,gens
2420,Natiko,smp
2421,Surv1veSt3al,skyblock|pvp|smp
2422,Smplastlife,smp
2423,ripulikakka,smp
2424,BloodySmp4,smp|farming|pvp
2425,NigeriassSMP,smp|farming
2426,DeathBoxer,pvp
2427,gluck69420,smp
2428,emielenronan,modded
2429,anarchy18930,creative
2430,zeuszeussmp,smp
2431,MetalDC,smp|pvp
2432,PandacornSMP,smp
2433,Ep1kLol,smp
2434,amir13892000,pvp
2435,MythiccBox,smp|farming|pvp
2436,OhBizarreBox,pvp
2437,DerpSMPPPPP,smp|pvp|rolePlay
2438,LifelinkBox,gens|farming|prison
2439,CapingCUBE,smp|modded|farming
2440,Im09aqtyMMC2,smp
2441,CorCraftSMP,smp
2442,JupitersSMP,smp
2443,Griffinducks,smp
2444,Enmegaby,smp
2445,DeadBox9,pvp
2446,Tribulation1,smp|pvp
2447,PoPoSurvival,pvp
2448,vanilla119mc,smp
2449,JoltedCraft,smp|factions
2450,manoz12,smp
2451,azureblocks,skyblock|factions
2452,PlaySurv1val,pvp
2453,ghoztbox,pvp
2454,SylvieChill,creative
2455,Sticksoapsmp,smp
2456,opsurvival30,smp
2457,RufusBox,pvp|gens|smp
2458,HelmoCraft,rpg|pvp|box
2459,S4ndwichCT,smp|oldPVP|pvp
2460,BOX100CHEST,pvp|box
2461,TakeAL1fe2,smp
2462,budzi,smp
2463,AvenBox,box|pvp
2464,ProjectNova,smp
2465,JuZzSpotSMP,smp|rolePlay|pvp
2466,cl0udysky,smp
2467,VioqAnnie,smp|rolePlay
2468,lyam69,smp
2469,PrankSMP03,smp
2470,Skwidster2,smp
2471,Pojatpojat,pvp
2472,0daboys0,smp
2473,DaBestBanana,smp
2474,PhenexBox,smp
2475,SMPDerp,smp
2476,OnlyForMe5,smp
2477,MenacePVP,pvp|smp
2478,TobySMPS3,smp|gens|minigames
2479,LillySteal,smp
2480,boxBG,box|pvp
2481,Coconut44,smp|pvp|gens
2482,TheSwiftSMP,smp
2483,thisisvery,smp
2484,Crypt1cBox,prison|pvp
2485,OnlyDirtSmp,smp
2486,toolbarhub,creative
2487,SuuuiiiSMP,smp|farming
2488,FrndlySmp,smp
2489,SCPSite16,rpg|prison|rolePlay
2490,iWildY,smp
2491,Boxpvpkit200,pvp
2492,DukMarioSMP,box
2493,redstonebui,creative
2494,KubucketBox,pvp
2495,OxigenBox,box
2496,LunarPVPNet,gens|minigames|pvp
2497,kochamkebaby,smp
2498,potato121212,smp
2499,01Box,smp|box
2500,Buildfun30,creative
2501,HateLifeSMP,smp|pvp|farming
2502,DockBoxx,box|pvp|gens
2503,TheNewWorld5,rolePlay
2504,flatessay,creative
2505,RoDownBox,gens|pvp|skyblock
2506,RacyLady,oldPVP|pvp|factions
2507,castleofwar,smp
2508,cutiessssmp,smp
2509,HorrorWolfYT,smp
2510,Containment,rolePlay|prison|rpg
2511,Strawbbyyy,smp|pvp
2512,CopSteal,smp|pvp
2513,revlife,smp|pvp|box
2514,Smpformifrie,smp
2515,SCPControl,prison|rolePlay|oldPVP
2516,JojoCraft23,smp
2517,anarchysur20,creative
2518,ChestPrac,pvp
2519,boxvip,pvp|box|farming
2520,Winkypiggy14,smp
2521,LegitpplsSMP,smp
2522,spoon13SMP,smp|pvp
2523,thecreativee,creative|pvp
2524,XycloneSMP,smp|pvp
2525,FarmingPower,modded
2526,codmining,box
2527,MarsonSMP,smp|rolePlay|pvp
2528,Augmentsteal,smp|pvp
2529,Darkening,box|pvp
2530,legendkorra,modded
2531,newerwind,creative|pvp|oldPVP
2532,morsmorsmp,smp
2533,PartyBoxPvP,prison
2534,Samworld1105,creative
2535,mapixsmp,smp|pvp
2536,jonafV2,pvp|modded|smp
2537,Sleepwell,smp
2538,MobGuns,rpg
2539,Manufactory,gens|pvp|skyblock
2540,OtakuGens,gens|farming|pvp
2541,Updation,smp|pvp
2542,chrchL0,smp
2543,igfxtihjzo,pvp|modded
2544,Dupe10S,pvp
2545,HexylicBox,gens
2546,pokequest2,modded
2547,Embarkk,prison
2548,Sidetrap,factions|pvp
2549,BoxyBurger,gens
2550,LastLife3,smp
2551,Wags99,smp
2552,BoxPvpQ,pvp
2553,PotWar,pvp|oldPVP
2554,TheGlobeSmp,smp|rolePlay|pvp
2555,Achespace,smp
2556,SigmaChads12,smp|factions
2557,PureSkies,farming|pvp|skyblock
2558,PinkBedSMP,gens|farming
2559,LunaSMPP,smp
2560,SopTaartFlam,rolePlay|modded
2561,TheWAVASMP,smp
2562,Price,gens|factions|pvp
2563,SkyGensPvP,gens|pvp
2564,whyuwhy,smp
2565,ClashRealms,pvp
2566,AarushGM999,smp
2567,Grandparents,pvp|minigames|factions
2568,GamerCitySMP,rolePlay
2569,DimensMine,pvp|farming
2570,BoxPG,box|pvp
2571,DupeXLife,smp|factions|gens
2572,69Mines,prison
2573,BMA123,smp
2574,Alstonanfr,smp
2575,boxbumble,box
2576,jamaljacksom,smp
2577,knit,pvp|minigames
2578,KabikiSMP,smp
2579,Bozosmp1324,smp
2580,NoLords,smp
2581,BlueCloud6,smp
2582,VanillaSteal,pvp
2583,Advancedforc,rpg|modded
2584,ConquerRPG,rpg|rolePlay|farming
2585,DrillLock,pvp|minigames
2586,radsevr,factions|smp|pvp
2587,FreshGumbo,smp|factions|rolePlay
2588,Life8Steal,smp
2589,CocaBox,pvp|minigames|gens
2590,Boxxy,pvp|minigames
2591,vallanox,smp|pvp
2592,FriendSMP61,smp
2593,lgbros,smp
2594,345server6,box
2595,bpsmp2345,smp
2596,2bombs2t,pvp|smp
2597,normsmp153,smp
2598,3nd3rKraft,smp
2599,FearNetBox,pvp
2600,SkbSim,skyblock
2601,MineHutOK123,smp
2602,owieczkacoco,smp
2603,Zappasmp,smp
2604,PoffyGens,gens|pvp|farming
2605,9321SMP,smp|pvp
2606,xLeBu4ik,smp|modded
2607,koziobox,pvp|box
2608,hs8udja,smp|factions|modded
2609,Disake,smp|pvp
2610,ShawlBox,gens|prison|minigames
2611,SupXBox,pvp|minigames|farming
2612,RhymRPG,rpg
2613,Lifemurder,pvp|minigames|rolePlay
2614,pinkbuble,smp
2615,MissZhania,smp|rolePlay|pvp
2616,MCArcane,rpg|pvp
2617,BeansMines,prison|farming|pvp
2618,duetcraft,smp
2619,SkySheep,gens
2620,MLGdigger,pvp|prison
2621,Frinzee,smp
2622,SkyBurger,gens
2623,nahasd,farming|rpg|smp
2624,RedFoxBox,box
2625,DefragSMP,smp
2626,DiamondSte4l,smp|pvp
2627,115mob2,smp|farming|pvp
2628,Jabadoobox,farming
2629,IamLore,smp
2630,XDOG,smp
2631,J7st4SMP,smp
2632,beatboxed,box
2633,HPSt3al,smp|pvp|factions
2634,TalkinBenSMP,smp
2635,FTPSTEAL,pvp|farming|smp
2636,Intentive,smp
2637,Lifesteal06,smp|oldPVP|pvp
2638,ripebox,pvp
2639,GangWarss,rpg|pvp|skyblock
2640,Fredsteray,smp
2641,RanchersSMP,smp
2642,GollaByen,smp|farming|rolePlay
2643,redstoneaw,creative
2644,NightKitPVP,oldPVP|minigames|pvp
2645,HjalStreams,smp|pvp
2646,oneychunky,smp
2647,LE2122,smp
2648,Osas2,smp
2649,IpWar,smp|rolePlay|pvp
2650,RainingLife,smp
2651,Orily,factions|smp
2652,JKSMP69420,smp
2653,Macomber,smp
2654,asgerSMPmc,smp
2655,1gay2,smp
2656,xd29,creative
2657,SkkyBox,pvp
2658,FishPratice,oldPVP
2659,Propbox,gens|pvp|box
2660,PlayingInBox,pvp|box
2661,NezurPVP,pvp
2662,seniseviyom,smp
2663,HypexLgend,farming|rpg
